sample	status	mode	message	count_tsv
SRR38105543	SKIPPED	UNSUPPORTED	Unsupported FASTQ pattern; expected single file or _1/_2 pair	NA
SRR38105544	SKIPPED	UNSUPPORTED	Unsupported FASTQ pattern; expected single file or _1/_2 pair	NA
SRR38105545	SKIPPED	UNSUPPORTED	Unsupported FASTQ pattern; expected single file or _1/_2 pair	NA
SRR38105545	SUCCESS	PAIRED	Completed successfully	/fs/scratch/PWSU0516/siva/ebola_class_project/count_tsv/SRR38105545.counts.tsv
SRR38105542	SUCCESS	PAIRED	Completed successfully	/fs/scratch/PWSU0516/siva/ebola_class_project/count_tsv/SRR38105542.counts.tsv
SRR38105543	SUCCESS	PAIRED	Completed successfully	/fs/scratch/PWSU0516/siva/ebola_class_project/count_tsv/SRR38105543.counts.tsv
SRR38105544	SUCCESS	PAIRED	Completed successfully	/fs/scratch/PWSU0516/siva/ebola_class_project/count_tsv/SRR38105544.counts.tsv
SRR38105547	SUCCESS	PAIRED	Completed successfully	/fs/scratch/PWSU0516/siva/ebola_class_project/count_tsv/SRR38105547.counts.tsv
SRR38105546	SUCCESS	PAIRED	Completed successfully	/fs/scratch/PWSU0516/siva/ebola_class_project/count_tsv/SRR38105546.counts.tsv
SRR38105550	SUCCESS	PAIRED	Completed successfully	/fs/scratch/PWSU0516/siva/ebola_class_project/count_tsv/SRR38105550.counts.tsv
SRR38105549	SUCCESS	PAIRED	Completed successfully	/fs/scratch/PWSU0516/siva/ebola_class_project/count_tsv/SRR38105549.counts.tsv
SRR38105548	SUCCESS	PAIRED	Completed successfully	/fs/scratch/PWSU0516/siva/ebola_class_project/count_tsv/SRR38105548.counts.tsv
SRR38105553	SUCCESS	PAIRED	Completed successfully	/fs/scratch/PWSU0516/siva/ebola_class_project/count_tsv/SRR38105553.counts.tsv
SRR38105552	SUCCESS	PAIRED	Completed successfully	/fs/scratch/PWSU0516/siva/ebola_class_project/count_tsv/SRR38105552.counts.tsv
SRR38105555	SUCCESS	PAIRED	Completed successfully	/fs/scratch/PWSU0516/siva/ebola_class_project/count_tsv/SRR38105555.counts.tsv
SRR38105554	SUCCESS	PAIRED	Completed successfully	/fs/scratch/PWSU0516/siva/ebola_class_project/count_tsv/SRR38105554.counts.tsv
SRR38105551	SUCCESS	PAIRED	Completed successfully	/fs/scratch/PWSU0516/siva/ebola_class_project/count_tsv/SRR38105551.counts.tsv
SRR38105557	SUCCESS	PAIRED	Completed successfully	/fs/scratch/PWSU0516/siva/ebola_class_project/count_tsv/SRR38105557.counts.tsv
SRR38105556	SUCCESS	PAIRED	Completed successfully	/fs/scratch/PWSU0516/siva/ebola_class_project/count_tsv/SRR38105556.counts.tsv
SRR38105558	SUCCESS	PAIRED	Completed successfully	/fs/scratch/PWSU0516/siva/ebola_class_project/count_tsv/SRR38105558.counts.tsv
SRR38105560	SUCCESS	PAIRED	Completed successfully	/fs/scratch/PWSU0516/siva/ebola_class_project/count_tsv/SRR38105560.counts.tsv
SRR38105559	SUCCESS	PAIRED	Completed successfully	/fs/scratch/PWSU0516/siva/ebola_class_project/count_tsv/SRR38105559.counts.tsv
SRR38105565	SUCCESS	PAIRED	Completed successfully	/fs/scratch/PWSU0516/siva/ebola_class_project/count_tsv/SRR38105565.counts.tsv
SRR38105563	SUCCESS	PAIRED	Completed successfully	/fs/scratch/PWSU0516/siva/ebola_class_project/count_tsv/SRR38105563.counts.tsv
SRR38105562	SUCCESS	PAIRED	Completed successfully	/fs/scratch/PWSU0516/siva/ebola_class_project/count_tsv/SRR38105562.counts.tsv
SRR38105561	SUCCESS	PAIRED	Completed successfully	/fs/scratch/PWSU0516/siva/ebola_class_project/count_tsv/SRR38105561.counts.tsv
SRR38105566	SUCCESS	PAIRED	Completed successfully	/fs/scratch/PWSU0516/siva/ebola_class_project/count_tsv/SRR38105566.counts.tsv
SRR38105568	SUCCESS	PAIRED	Completed successfully	/fs/scratch/PWSU0516/siva/ebola_class_project/count_tsv/SRR38105568.counts.tsv
SRR38105567	SUCCESS	PAIRED	Completed successfully	/fs/scratch/PWSU0516/siva/ebola_class_project/count_tsv/SRR38105567.counts.tsv
SRR38105569	SUCCESS	PAIRED	Completed successfully	/fs/scratch/PWSU0516/siva/ebola_class_project/count_tsv/SRR38105569.counts.tsv
SRR38105570	SUCCESS	PAIRED	Completed successfully	/fs/scratch/PWSU0516/siva/ebola_class_project/count_tsv/SRR38105570.counts.tsv
SRR38105571	SUCCESS	PAIRED	Completed successfully	/fs/scratch/PWSU0516/siva/ebola_class_project/count_tsv/SRR38105571.counts.tsv
SRR38105572	SUCCESS	PAIRED	Completed successfully	/fs/scratch/PWSU0516/siva/ebola_class_project/count_tsv/SRR38105572.counts.tsv
SRR38105573	SUCCESS	PAIRED	Completed successfully	/fs/scratch/PWSU0516/siva/ebola_class_project/count_tsv/SRR38105573.counts.tsv
SRR38105575	SUCCESS	PAIRED	Completed successfully	/fs/scratch/PWSU0516/siva/ebola_class_project/count_tsv/SRR38105575.counts.tsv
SRR38105574	SUCCESS	PAIRED	Completed successfully	/fs/scratch/PWSU0516/siva/ebola_class_project/count_tsv/SRR38105574.counts.tsv
SRR38105576	SUCCESS	PAIRED	Completed successfully	/fs/scratch/PWSU0516/siva/ebola_class_project/count_tsv/SRR38105576.counts.tsv
SRR38105578	SUCCESS	PAIRED	Completed successfully	/fs/scratch/PWSU0516/siva/ebola_class_project/count_tsv/SRR38105578.counts.tsv
SRR38105564	SUCCESS	PAIRED	Completed successfully	/fs/scratch/PWSU0516/siva/ebola_class_project/count_tsv/SRR38105564.counts.tsv
SRR38105577	SUCCESS	PAIRED	Completed successfully	/fs/scratch/PWSU0516/siva/ebola_class_project/count_tsv/SRR38105577.counts.tsv
SRR38105579	SUCCESS	PAIRED	Completed successfully	/fs/scratch/PWSU0516/siva/ebola_class_project/count_tsv/SRR38105579.counts.tsv
SRR38105580	SUCCESS	PAIRED	Completed successfully	/fs/scratch/PWSU0516/siva/ebola_class_project/count_tsv/SRR38105580.counts.tsv
SRR38105581	SUCCESS	PAIRED	Completed successfully	/fs/scratch/PWSU0516/siva/ebola_class_project/count_tsv/SRR38105581.counts.tsv
SRR38105582	SUCCESS	PAIRED	Completed successfully	/fs/scratch/PWSU0516/siva/ebola_class_project/count_tsv/SRR38105582.counts.tsv
SRR38105585	SUCCESS	PAIRED	Completed successfully	/fs/scratch/PWSU0516/siva/ebola_class_project/count_tsv/SRR38105585.counts.tsv
SRR38105583	SUCCESS	PAIRED	Completed successfully	/fs/scratch/PWSU0516/siva/ebola_class_project/count_tsv/SRR38105583.counts.tsv
SRR38105586	SUCCESS	PAIRED	Completed successfully	/fs/scratch/PWSU0516/siva/ebola_class_project/count_tsv/SRR38105586.counts.tsv
SRR38105587	SUCCESS	PAIRED	Completed successfully	/fs/scratch/PWSU0516/siva/ebola_class_project/count_tsv/SRR38105587.counts.tsv
SRR38105584	SUCCESS	PAIRED	Completed successfully	/fs/scratch/PWSU0516/siva/ebola_class_project/count_tsv/SRR38105584.counts.tsv
SRR38105588	SUCCESS	PAIRED	Completed successfully	/fs/scratch/PWSU0516/siva/ebola_class_project/count_tsv/SRR38105588.counts.tsv
SRR38105589	SUCCESS	PAIRED	Completed successfully	/fs/scratch/PWSU0516/siva/ebola_class_project/count_tsv/SRR38105589.counts.tsv
SRR38105592	SUCCESS	PAIRED	Completed successfully	/fs/scratch/PWSU0516/siva/ebola_class_project/count_tsv/SRR38105592.counts.tsv
SRR38105591	SUCCESS	PAIRED	Completed successfully	/fs/scratch/PWSU0516/siva/ebola_class_project/count_tsv/SRR38105591.counts.tsv
SRR38105590	SUCCESS	PAIRED	Completed successfully	/fs/scratch/PWSU0516/siva/ebola_class_project/count_tsv/SRR38105590.counts.tsv
SRR38105593	SUCCESS	PAIRED	Completed successfully	/fs/scratch/PWSU0516/siva/ebola_class_project/count_tsv/SRR38105593.counts.tsv
SRR38105594	SUCCESS	PAIRED	Completed successfully	/fs/scratch/PWSU0516/siva/ebola_class_project/count_tsv/SRR38105594.counts.tsv
SRR38105596	SUCCESS	PAIRED	Completed successfully	/fs/scratch/PWSU0516/siva/ebola_class_project/count_tsv/SRR38105596.counts.tsv
SRR38105597	SUCCESS	PAIRED	Completed successfully	/fs/scratch/PWSU0516/siva/ebola_class_project/count_tsv/SRR38105597.counts.tsv
SRR38105595	SUCCESS	PAIRED	Completed successfully	/fs/scratch/PWSU0516/siva/ebola_class_project/count_tsv/SRR38105595.counts.tsv
SRR38105600	SUCCESS	PAIRED	Completed successfully	/fs/scratch/PWSU0516/siva/ebola_class_project/count_tsv/SRR38105600.counts.tsv
SRR38105598	SUCCESS	PAIRED	Completed successfully	/fs/scratch/PWSU0516/siva/ebola_class_project/count_tsv/SRR38105598.counts.tsv
SRR38105599	SUCCESS	PAIRED	Completed successfully	/fs/scratch/PWSU0516/siva/ebola_class_project/count_tsv/SRR38105599.counts.tsv
SRR38105601	SUCCESS	PAIRED	Completed successfully	/fs/scratch/PWSU0516/siva/ebola_class_project/count_tsv/SRR38105601.counts.tsv
SRR38105605	SUCCESS	PAIRED	Completed successfully	/fs/scratch/PWSU0516/siva/ebola_class_project/count_tsv/SRR38105605.counts.tsv
SRR38105602	SUCCESS	PAIRED	Completed successfully	/fs/scratch/PWSU0516/siva/ebola_class_project/count_tsv/SRR38105602.counts.tsv
SRR38105603	SUCCESS	PAIRED	Completed successfully	/fs/scratch/PWSU0516/siva/ebola_class_project/count_tsv/SRR38105603.counts.tsv
SRR38105604	SUCCESS	PAIRED	Completed successfully	/fs/scratch/PWSU0516/siva/ebola_class_project/count_tsv/SRR38105604.counts.tsv
SRR38105606	SUCCESS	PAIRED	Completed successfully	/fs/scratch/PWSU0516/siva/ebola_class_project/count_tsv/SRR38105606.counts.tsv
SRR38105607	SUCCESS	PAIRED	Completed successfully	/fs/scratch/PWSU0516/siva/ebola_class_project/count_tsv/SRR38105607.counts.tsv
SRR38105610	SUCCESS	PAIRED	Completed successfully	/fs/scratch/PWSU0516/siva/ebola_class_project/count_tsv/SRR38105610.counts.tsv
SRR38105612	SUCCESS	PAIRED	Completed successfully	/fs/scratch/PWSU0516/siva/ebola_class_project/count_tsv/SRR38105612.counts.tsv
SRR38105611	SUCCESS	PAIRED	Completed successfully	/fs/scratch/PWSU0516/siva/ebola_class_project/count_tsv/SRR38105611.counts.tsv
SRR38105613	SUCCESS	PAIRED	Completed successfully	/fs/scratch/PWSU0516/siva/ebola_class_project/count_tsv/SRR38105613.counts.tsv
SRR38105614	SUCCESS	PAIRED	Completed successfully	/fs/scratch/PWSU0516/siva/ebola_class_project/count_tsv/SRR38105614.counts.tsv
SRR38105609	SUCCESS	PAIRED	Completed successfully	/fs/scratch/PWSU0516/siva/ebola_class_project/count_tsv/SRR38105609.counts.tsv
SRR38105616	SUCCESS	PAIRED	Completed successfully	/fs/scratch/PWSU0516/siva/ebola_class_project/count_tsv/SRR38105616.counts.tsv
SRR38105615	SUCCESS	PAIRED	Completed successfully	/fs/scratch/PWSU0516/siva/ebola_class_project/count_tsv/SRR38105615.counts.tsv
SRR38105619	SUCCESS	PAIRED	Completed successfully	/fs/scratch/PWSU0516/siva/ebola_class_project/count_tsv/SRR38105619.counts.tsv
SRR38105617	SUCCESS	PAIRED	Completed successfully	/fs/scratch/PWSU0516/siva/ebola_class_project/count_tsv/SRR38105617.counts.tsv
SRR38105621	SUCCESS	PAIRED	Completed successfully	/fs/scratch/PWSU0516/siva/ebola_class_project/count_tsv/SRR38105621.counts.tsv
SRR38105618	SUCCESS	PAIRED	Completed successfully	/fs/scratch/PWSU0516/siva/ebola_class_project/count_tsv/SRR38105618.counts.tsv
SRR38105620	SUCCESS	PAIRED	Completed successfully	/fs/scratch/PWSU0516/siva/ebola_class_project/count_tsv/SRR38105620.counts.tsv
SRR38105608	SUCCESS	PAIRED	Completed successfully	/fs/scratch/PWSU0516/siva/ebola_class_project/count_tsv/SRR38105608.counts.tsv
SRR38105623	SUCCESS	PAIRED	Completed successfully	/fs/scratch/PWSU0516/siva/ebola_class_project/count_tsv/SRR38105623.counts.tsv
SRR38105625	SUCCESS	PAIRED	Completed successfully	/fs/scratch/PWSU0516/siva/ebola_class_project/count_tsv/SRR38105625.counts.tsv
SRR38105624	SUCCESS	PAIRED	Completed successfully	/fs/scratch/PWSU0516/siva/ebola_class_project/count_tsv/SRR38105624.counts.tsv
SRR38105626	SUCCESS	PAIRED	Completed successfully	/fs/scratch/PWSU0516/siva/ebola_class_project/count_tsv/SRR38105626.counts.tsv
SRR38105627	SUCCESS	PAIRED	Completed successfully	/fs/scratch/PWSU0516/siva/ebola_class_project/count_tsv/SRR38105627.counts.tsv
SRR38105628	SUCCESS	PAIRED	Completed successfully	/fs/scratch/PWSU0516/siva/ebola_class_project/count_tsv/SRR38105628.counts.tsv
SRR38105631	SUCCESS	PAIRED	Completed successfully	/fs/scratch/PWSU0516/siva/ebola_class_project/count_tsv/SRR38105631.counts.tsv
SRR38105622	SUCCESS	PAIRED	Completed successfully	/fs/scratch/PWSU0516/siva/ebola_class_project/count_tsv/SRR38105622.counts.tsv
SRR38105629	SUCCESS	PAIRED	Completed successfully	/fs/scratch/PWSU0516/siva/ebola_class_project/count_tsv/SRR38105629.counts.tsv
SRR38105633	SUCCESS	PAIRED	Completed successfully	/fs/scratch/PWSU0516/siva/ebola_class_project/count_tsv/SRR38105633.counts.tsv
SRR38105634	SUCCESS	PAIRED	Completed successfully	/fs/scratch/PWSU0516/siva/ebola_class_project/count_tsv/SRR38105634.counts.tsv
SRR38105635	SUCCESS	PAIRED	Completed successfully	/fs/scratch/PWSU0516/siva/ebola_class_project/count_tsv/SRR38105635.counts.tsv
SRR38105636	SUCCESS	PAIRED	Completed successfully	/fs/scratch/PWSU0516/siva/ebola_class_project/count_tsv/SRR38105636.counts.tsv
SRR38105632	SUCCESS	PAIRED	Completed successfully	/fs/scratch/PWSU0516/siva/ebola_class_project/count_tsv/SRR38105632.counts.tsv
SRR38105630	SUCCESS	PAIRED	Completed successfully	/fs/scratch/PWSU0516/siva/ebola_class_project/count_tsv/SRR38105630.counts.tsv
SRR38105637	SUCCESS	PAIRED	Completed successfully	/fs/scratch/PWSU0516/siva/ebola_class_project/count_tsv/SRR38105637.counts.tsv
SRR38105638	SUCCESS	PAIRED	Completed successfully	/fs/scratch/PWSU0516/siva/ebola_class_project/count_tsv/SRR38105638.counts.tsv
SRR38105642	SUCCESS	PAIRED	Completed successfully	/fs/scratch/PWSU0516/siva/ebola_class_project/count_tsv/SRR38105642.counts.tsv
SRR38105640	SUCCESS	PAIRED	Completed successfully	/fs/scratch/PWSU0516/siva/ebola_class_project/count_tsv/SRR38105640.counts.tsv
SRR38105641	SUCCESS	PAIRED	Completed successfully	/fs/scratch/PWSU0516/siva/ebola_class_project/count_tsv/SRR38105641.counts.tsv
SRR38105643	SUCCESS	PAIRED	Completed successfully	/fs/scratch/PWSU0516/siva/ebola_class_project/count_tsv/SRR38105643.counts.tsv
SRR38105644	SUCCESS	PAIRED	Completed successfully	/fs/scratch/PWSU0516/siva/ebola_class_project/count_tsv/SRR38105644.counts.tsv
SRR38105645	SUCCESS	PAIRED	Completed successfully	/fs/scratch/PWSU0516/siva/ebola_class_project/count_tsv/SRR38105645.counts.tsv
SRR38105646	SUCCESS	PAIRED	Completed successfully	/fs/scratch/PWSU0516/siva/ebola_class_project/count_tsv/SRR38105646.counts.tsv
SRR38105647	SUCCESS	PAIRED	Completed successfully	/fs/scratch/PWSU0516/siva/ebola_class_project/count_tsv/SRR38105647.counts.tsv
SRR38105648	SUCCESS	PAIRED	Completed successfully	/fs/scratch/PWSU0516/siva/ebola_class_project/count_tsv/SRR38105648.counts.tsv
SRR38105649	SUCCESS	PAIRED	Completed successfully	/fs/scratch/PWSU0516/siva/ebola_class_project/count_tsv/SRR38105649.counts.tsv
SRR38105639	SUCCESS	PAIRED	Completed successfully	/fs/scratch/PWSU0516/siva/ebola_class_project/count_tsv/SRR38105639.counts.tsv
SRR38105651	SUCCESS	PAIRED	Completed successfully	/fs/scratch/PWSU0516/siva/ebola_class_project/count_tsv/SRR38105651.counts.tsv
SRR38105652	SUCCESS	PAIRED	Completed successfully	/fs/scratch/PWSU0516/siva/ebola_class_project/count_tsv/SRR38105652.counts.tsv
SRR38105650	SUCCESS	PAIRED	Completed successfully	/fs/scratch/PWSU0516/siva/ebola_class_project/count_tsv/SRR38105650.counts.tsv
SRR38105653	SUCCESS	PAIRED	Completed successfully	/fs/scratch/PWSU0516/siva/ebola_class_project/count_tsv/SRR38105653.counts.tsv
SRR38105658	SUCCESS	PAIRED	Completed successfully	/fs/scratch/PWSU0516/siva/ebola_class_project/count_tsv/SRR38105658.counts.tsv
SRR38105654	SUCCESS	PAIRED	Completed successfully	/fs/scratch/PWSU0516/siva/ebola_class_project/count_tsv/SRR38105654.counts.tsv
SRR38105655	SUCCESS	PAIRED	Completed successfully	/fs/scratch/PWSU0516/siva/ebola_class_project/count_tsv/SRR38105655.counts.tsv
SRR38105656	SUCCESS	PAIRED	Completed successfully	/fs/scratch/PWSU0516/siva/ebola_class_project/count_tsv/SRR38105656.counts.tsv
SRR38105657	SUCCESS	PAIRED	Completed successfully	/fs/scratch/PWSU0516/siva/ebola_class_project/count_tsv/SRR38105657.counts.tsv
SRR38105661	SUCCESS	PAIRED	Completed successfully	/fs/scratch/PWSU0516/siva/ebola_class_project/count_tsv/SRR38105661.counts.tsv
SRR38105660	SUCCESS	PAIRED	Completed successfully	/fs/scratch/PWSU0516/siva/ebola_class_project/count_tsv/SRR38105660.counts.tsv
SRR38105659	SUCCESS	PAIRED	Completed successfully	/fs/scratch/PWSU0516/siva/ebola_class_project/count_tsv/SRR38105659.counts.tsv
SRR38105662	SUCCESS	PAIRED	Completed successfully	/fs/scratch/PWSU0516/siva/ebola_class_project/count_tsv/SRR38105662.counts.tsv
SRR38105664	SUCCESS	PAIRED	Completed successfully	/fs/scratch/PWSU0516/siva/ebola_class_project/count_tsv/SRR38105664.counts.tsv
SRR38105663	SUCCESS	PAIRED	Completed successfully	/fs/scratch/PWSU0516/siva/ebola_class_project/count_tsv/SRR38105663.counts.tsv
SRR38105666	SUCCESS	PAIRED	Completed successfully	/fs/scratch/PWSU0516/siva/ebola_class_project/count_tsv/SRR38105666.counts.tsv
SRR38105665	SUCCESS	PAIRED	Completed successfully	/fs/scratch/PWSU0516/siva/ebola_class_project/count_tsv/SRR38105665.counts.tsv
SRR38105667	SUCCESS	PAIRED	Completed successfully	/fs/scratch/PWSU0516/siva/ebola_class_project/count_tsv/SRR38105667.counts.tsv
SRR38105670	SUCCESS	PAIRED	Completed successfully	/fs/scratch/PWSU0516/siva/ebola_class_project/count_tsv/SRR38105670.counts.tsv
SRR38105669	SUCCESS	PAIRED	Completed successfully	/fs/scratch/PWSU0516/siva/ebola_class_project/count_tsv/SRR38105669.counts.tsv
SRR38105671	SUCCESS	PAIRED	Completed successfully	/fs/scratch/PWSU0516/siva/ebola_class_project/count_tsv/SRR38105671.counts.tsv
SRR38105668	SUCCESS	PAIRED	Completed successfully	/fs/scratch/PWSU0516/siva/ebola_class_project/count_tsv/SRR38105668.counts.tsv
SRR38105672	SUCCESS	PAIRED	Completed successfully	/fs/scratch/PWSU0516/siva/ebola_class_project/count_tsv/SRR38105672.counts.tsv
SRR38105674	SUCCESS	PAIRED	Completed successfully	/fs/scratch/PWSU0516/siva/ebola_class_project/count_tsv/SRR38105674.counts.tsv
SRR38105673	SUCCESS	PAIRED	Completed successfully	/fs/scratch/PWSU0516/siva/ebola_class_project/count_tsv/SRR38105673.counts.tsv
SRR38105675	SUCCESS	PAIRED	Completed successfully	/fs/scratch/PWSU0516/siva/ebola_class_project/count_tsv/SRR38105675.counts.tsv
SRR38105677	SUCCESS	PAIRED	Completed successfully	/fs/scratch/PWSU0516/siva/ebola_class_project/count_tsv/SRR38105677.counts.tsv
SRR38105676	SUCCESS	PAIRED	Completed successfully	/fs/scratch/PWSU0516/siva/ebola_class_project/count_tsv/SRR38105676.counts.tsv
SRR38105678	SUCCESS	PAIRED	Completed successfully	/fs/scratch/PWSU0516/siva/ebola_class_project/count_tsv/SRR38105678.counts.tsv
SRR38105681	SUCCESS	PAIRED	Completed successfully	/fs/scratch/PWSU0516/siva/ebola_class_project/count_tsv/SRR38105681.counts.tsv
SRR38105682	SUCCESS	PAIRED	Completed successfully	/fs/scratch/PWSU0516/siva/ebola_class_project/count_tsv/SRR38105682.counts.tsv
SRR38105679	SUCCESS	PAIRED	Completed successfully	/fs/scratch/PWSU0516/siva/ebola_class_project/count_tsv/SRR38105679.counts.tsv
SRR38105683	SUCCESS	PAIRED	Completed successfully	/fs/scratch/PWSU0516/siva/ebola_class_project/count_tsv/SRR38105683.counts.tsv
SRR38105680	SUCCESS	PAIRED	Completed successfully	/fs/scratch/PWSU0516/siva/ebola_class_project/count_tsv/SRR38105680.counts.tsv
SRR38105687	SUCCESS	PAIRED	Completed successfully	/fs/scratch/PWSU0516/siva/ebola_class_project/count_tsv/SRR38105687.counts.tsv
SRR38105688	SUCCESS	PAIRED	Completed successfully	/fs/scratch/PWSU0516/siva/ebola_class_project/count_tsv/SRR38105688.counts.tsv
SRR38105684	SUCCESS	PAIRED	Completed successfully	/fs/scratch/PWSU0516/siva/ebola_class_project/count_tsv/SRR38105684.counts.tsv
SRR38105686	SUCCESS	PAIRED	Completed successfully	/fs/scratch/PWSU0516/siva/ebola_class_project/count_tsv/SRR38105686.counts.tsv
SRR38105685	SUCCESS	PAIRED	Completed successfully	/fs/scratch/PWSU0516/siva/ebola_class_project/count_tsv/SRR38105685.counts.tsv
SRR38105689	SUCCESS	PAIRED	Completed successfully	/fs/scratch/PWSU0516/siva/ebola_class_project/count_tsv/SRR38105689.counts.tsv
SRR38105690	SUCCESS	PAIRED	Completed successfully	/fs/scratch/PWSU0516/siva/ebola_class_project/count_tsv/SRR38105690.counts.tsv
SRR38105691	SUCCESS	PAIRED	Completed successfully	/fs/scratch/PWSU0516/siva/ebola_class_project/count_tsv/SRR38105691.counts.tsv
SRR38105694	SUCCESS	PAIRED	Completed successfully	/fs/scratch/PWSU0516/siva/ebola_class_project/count_tsv/SRR38105694.counts.tsv
SRR38105695	SUCCESS	PAIRED	Completed successfully	/fs/scratch/PWSU0516/siva/ebola_class_project/count_tsv/SRR38105695.counts.tsv
SRR38105696	SUCCESS	PAIRED	Completed successfully	/fs/scratch/PWSU0516/siva/ebola_class_project/count_tsv/SRR38105696.counts.tsv
SRR38105697	SUCCESS	PAIRED	Completed successfully	/fs/scratch/PWSU0516/siva/ebola_class_project/count_tsv/SRR38105697.counts.tsv
SRR38105698	SUCCESS	PAIRED	Completed successfully	/fs/scratch/PWSU0516/siva/ebola_class_project/count_tsv/SRR38105698.counts.tsv
SRR38105693	SUCCESS	PAIRED	Completed successfully	/fs/scratch/PWSU0516/siva/ebola_class_project/count_tsv/SRR38105693.counts.tsv
SRR38105699	SUCCESS	PAIRED	Completed successfully	/fs/scratch/PWSU0516/siva/ebola_class_project/count_tsv/SRR38105699.counts.tsv
SRR38105701	SUCCESS	PAIRED	Completed successfully	/fs/scratch/PWSU0516/siva/ebola_class_project/count_tsv/SRR38105701.counts.tsv
SRR38105700	SUCCESS	PAIRED	Completed successfully	/fs/scratch/PWSU0516/siva/ebola_class_project/count_tsv/SRR38105700.counts.tsv
SRR38105702	SUCCESS	PAIRED	Completed successfully	/fs/scratch/PWSU0516/siva/ebola_class_project/count_tsv/SRR38105702.counts.tsv
SRR38105704	SUCCESS	PAIRED	Completed successfully	/fs/scratch/PWSU0516/siva/ebola_class_project/count_tsv/SRR38105704.counts.tsv
SRR38105705	SUCCESS	PAIRED	Completed successfully	/fs/scratch/PWSU0516/siva/ebola_class_project/count_tsv/SRR38105705.counts.tsv
SRR38105706	SUCCESS	PAIRED	Completed successfully	/fs/scratch/PWSU0516/siva/ebola_class_project/count_tsv/SRR38105706.counts.tsv
SRR38105707	SUCCESS	PAIRED	Completed successfully	/fs/scratch/PWSU0516/siva/ebola_class_project/count_tsv/SRR38105707.counts.tsv
SRR38105708	SUCCESS	PAIRED	Completed successfully	/fs/scratch/PWSU0516/siva/ebola_class_project/count_tsv/SRR38105708.counts.tsv
SRR38105710	SUCCESS	PAIRED	Completed successfully	/fs/scratch/PWSU0516/siva/ebola_class_project/count_tsv/SRR38105710.counts.tsv
SRR38105692	SUCCESS	PAIRED	Completed successfully	/fs/scratch/PWSU0516/siva/ebola_class_project/count_tsv/SRR38105692.counts.tsv
SRR38105703	SUCCESS	PAIRED	Completed successfully	/fs/scratch/PWSU0516/siva/ebola_class_project/count_tsv/SRR38105703.counts.tsv
SRR38105711	SUCCESS	PAIRED	Completed successfully	/fs/scratch/PWSU0516/siva/ebola_class_project/count_tsv/SRR38105711.counts.tsv
SRR38105709	SUCCESS	PAIRED	Completed successfully	/fs/scratch/PWSU0516/siva/ebola_class_project/count_tsv/SRR38105709.counts.tsv
SRR38105714	SUCCESS	PAIRED	Completed successfully	/fs/scratch/PWSU0516/siva/ebola_class_project/count_tsv/SRR38105714.counts.tsv
SRR38105712	SUCCESS	PAIRED	Completed successfully	/fs/scratch/PWSU0516/siva/ebola_class_project/count_tsv/SRR38105712.counts.tsv
SRR38105715	SUCCESS	PAIRED	Completed successfully	/fs/scratch/PWSU0516/siva/ebola_class_project/count_tsv/SRR38105715.counts.tsv
SRR38105716	SUCCESS	PAIRED	Completed successfully	/fs/scratch/PWSU0516/siva/ebola_class_project/count_tsv/SRR38105716.counts.tsv
SRR38105713	SUCCESS	PAIRED	Completed successfully	/fs/scratch/PWSU0516/siva/ebola_class_project/count_tsv/SRR38105713.counts.tsv
SRR38105718	SUCCESS	PAIRED	Completed successfully	/fs/scratch/PWSU0516/siva/ebola_class_project/count_tsv/SRR38105718.counts.tsv
SRR38105720	SUCCESS	PAIRED	Completed successfully	/fs/scratch/PWSU0516/siva/ebola_class_project/count_tsv/SRR38105720.counts.tsv
SRR38105719	SUCCESS	PAIRED	Completed successfully	/fs/scratch/PWSU0516/siva/ebola_class_project/count_tsv/SRR38105719.counts.tsv
SRR38105721	SUCCESS	PAIRED	Completed successfully	/fs/scratch/PWSU0516/siva/ebola_class_project/count_tsv/SRR38105721.counts.tsv
SRR38105723	SUCCESS	PAIRED	Completed successfully	/fs/scratch/PWSU0516/siva/ebola_class_project/count_tsv/SRR38105723.counts.tsv
SRR38105726	SUCCESS	PAIRED	Completed successfully	/fs/scratch/PWSU0516/siva/ebola_class_project/count_tsv/SRR38105726.counts.tsv
SRR38105717	SUCCESS	PAIRED	Completed successfully	/fs/scratch/PWSU0516/siva/ebola_class_project/count_tsv/SRR38105717.counts.tsv
SRR38105722	SUCCESS	PAIRED	Completed successfully	/fs/scratch/PWSU0516/siva/ebola_class_project/count_tsv/SRR38105722.counts.tsv
SRR38105729	SUCCESS	PAIRED	Completed successfully	/fs/scratch/PWSU0516/siva/ebola_class_project/count_tsv/SRR38105729.counts.tsv
SRR38105728	SUCCESS	PAIRED	Completed successfully	/fs/scratch/PWSU0516/siva/ebola_class_project/count_tsv/SRR38105728.counts.tsv
SRR38105730	SUCCESS	PAIRED	Completed successfully	/fs/scratch/PWSU0516/siva/ebola_class_project/count_tsv/SRR38105730.counts.tsv
SRR38105724	SUCCESS	PAIRED	Completed successfully	/fs/scratch/PWSU0516/siva/ebola_class_project/count_tsv/SRR38105724.counts.tsv
SRR38105732	SUCCESS	PAIRED	Completed successfully	/fs/scratch/PWSU0516/siva/ebola_class_project/count_tsv/SRR38105732.counts.tsv
SRR38105727	SUCCESS	PAIRED	Completed successfully	/fs/scratch/PWSU0516/siva/ebola_class_project/count_tsv/SRR38105727.counts.tsv
SRR38105733	SUCCESS	PAIRED	Completed successfully	/fs/scratch/PWSU0516/siva/ebola_class_project/count_tsv/SRR38105733.counts.tsv
SRR38105736	SUCCESS	PAIRED	Completed successfully	/fs/scratch/PWSU0516/siva/ebola_class_project/count_tsv/SRR38105736.counts.tsv
SRR38105734	SUCCESS	PAIRED	Completed successfully	/fs/scratch/PWSU0516/siva/ebola_class_project/count_tsv/SRR38105734.counts.tsv
SRR38105731	SUCCESS	PAIRED	Completed successfully	/fs/scratch/PWSU0516/siva/ebola_class_project/count_tsv/SRR38105731.counts.tsv
SRR38105739	SUCCESS	PAIRED	Completed successfully	/fs/scratch/PWSU0516/siva/ebola_class_project/count_tsv/SRR38105739.counts.tsv
SRR38105725	SUCCESS	PAIRED	Completed successfully	/fs/scratch/PWSU0516/siva/ebola_class_project/count_tsv/SRR38105725.counts.tsv
SRR38105735	SUCCESS	PAIRED	Completed successfully	/fs/scratch/PWSU0516/siva/ebola_class_project/count_tsv/SRR38105735.counts.tsv
SRR38105741	SUCCESS	PAIRED	Completed successfully	/fs/scratch/PWSU0516/siva/ebola_class_project/count_tsv/SRR38105741.counts.tsv
SRR38105740	SUCCESS	PAIRED	Completed successfully	/fs/scratch/PWSU0516/siva/ebola_class_project/count_tsv/SRR38105740.counts.tsv
SRR38105738	SUCCESS	PAIRED	Completed successfully	/fs/scratch/PWSU0516/siva/ebola_class_project/count_tsv/SRR38105738.counts.tsv
SRR38105737	SUCCESS	PAIRED	Completed successfully	/fs/scratch/PWSU0516/siva/ebola_class_project/count_tsv/SRR38105737.counts.tsv
SRR38105744	SUCCESS	PAIRED	Completed successfully	/fs/scratch/PWSU0516/siva/ebola_class_project/count_tsv/SRR38105744.counts.tsv
SRR38105743	SUCCESS	PAIRED	Completed successfully	/fs/scratch/PWSU0516/siva/ebola_class_project/count_tsv/SRR38105743.counts.tsv
SRR38105742	SUCCESS	PAIRED	Completed successfully	/fs/scratch/PWSU0516/siva/ebola_class_project/count_tsv/SRR38105742.counts.tsv
SRR38105746	SUCCESS	PAIRED	Completed successfully	/fs/scratch/PWSU0516/siva/ebola_class_project/count_tsv/SRR38105746.counts.tsv
SRR38105745	SUCCESS	PAIRED	Completed successfully	/fs/scratch/PWSU0516/siva/ebola_class_project/count_tsv/SRR38105745.counts.tsv
SRR38105748	SUCCESS	PAIRED	Completed successfully	/fs/scratch/PWSU0516/siva/ebola_class_project/count_tsv/SRR38105748.counts.tsv
SRR38105749	SUCCESS	PAIRED	Completed successfully	/fs/scratch/PWSU0516/siva/ebola_class_project/count_tsv/SRR38105749.counts.tsv
SRR38105753	SUCCESS	PAIRED	Completed successfully	/fs/scratch/PWSU0516/siva/ebola_class_project/count_tsv/SRR38105753.counts.tsv
SRR38105750	SUCCESS	PAIRED	Completed successfully	/fs/scratch/PWSU0516/siva/ebola_class_project/count_tsv/SRR38105750.counts.tsv
SRR38105751	SUCCESS	PAIRED	Completed successfully	/fs/scratch/PWSU0516/siva/ebola_class_project/count_tsv/SRR38105751.counts.tsv
SRR38105752	SUCCESS	PAIRED	Completed successfully	/fs/scratch/PWSU0516/siva/ebola_class_project/count_tsv/SRR38105752.counts.tsv
SRR38105754	SUCCESS	PAIRED	Completed successfully	/fs/scratch/PWSU0516/siva/ebola_class_project/count_tsv/SRR38105754.counts.tsv
SRR38105756	SUCCESS	PAIRED	Completed successfully	/fs/scratch/PWSU0516/siva/ebola_class_project/count_tsv/SRR38105756.counts.tsv
SRR38105755	SUCCESS	PAIRED	Completed successfully	/fs/scratch/PWSU0516/siva/ebola_class_project/count_tsv/SRR38105755.counts.tsv
SRR38105747	SUCCESS	PAIRED	Completed successfully	/fs/scratch/PWSU0516/siva/ebola_class_project/count_tsv/SRR38105747.counts.tsv
SRR38105761	SUCCESS	PAIRED	Completed successfully	/fs/scratch/PWSU0516/siva/ebola_class_project/count_tsv/SRR38105761.counts.tsv
SRR38105757	SUCCESS	PAIRED	Completed successfully	/fs/scratch/PWSU0516/siva/ebola_class_project/count_tsv/SRR38105757.counts.tsv
SRR38105760	SUCCESS	PAIRED	Completed successfully	/fs/scratch/PWSU0516/siva/ebola_class_project/count_tsv/SRR38105760.counts.tsv
SRR38105763	SUCCESS	PAIRED	Completed successfully	/fs/scratch/PWSU0516/siva/ebola_class_project/count_tsv/SRR38105763.counts.tsv
SRR38105758	SUCCESS	PAIRED	Completed successfully	/fs/scratch/PWSU0516/siva/ebola_class_project/count_tsv/SRR38105758.counts.tsv
SRR38105762	SUCCESS	PAIRED	Completed successfully	/fs/scratch/PWSU0516/siva/ebola_class_project/count_tsv/SRR38105762.counts.tsv
SRR38105765	SUCCESS	PAIRED	Completed successfully	/fs/scratch/PWSU0516/siva/ebola_class_project/count_tsv/SRR38105765.counts.tsv
SRR38105766	SUCCESS	PAIRED	Completed successfully	/fs/scratch/PWSU0516/siva/ebola_class_project/count_tsv/SRR38105766.counts.tsv
SRR38105764	SUCCESS	PAIRED	Completed successfully	/fs/scratch/PWSU0516/siva/ebola_class_project/count_tsv/SRR38105764.counts.tsv
SRR38105768	SUCCESS	PAIRED	Completed successfully	/fs/scratch/PWSU0516/siva/ebola_class_project/count_tsv/SRR38105768.counts.tsv
SRR38105771	SUCCESS	PAIRED	Completed successfully	/fs/scratch/PWSU0516/siva/ebola_class_project/count_tsv/SRR38105771.counts.tsv
SRR38105767	SUCCESS	PAIRED	Completed successfully	/fs/scratch/PWSU0516/siva/ebola_class_project/count_tsv/SRR38105767.counts.tsv
SRR38105769	SUCCESS	PAIRED	Completed successfully	/fs/scratch/PWSU0516/siva/ebola_class_project/count_tsv/SRR38105769.counts.tsv
SRR38105774	SUCCESS	PAIRED	Completed successfully	/fs/scratch/PWSU0516/siva/ebola_class_project/count_tsv/SRR38105774.counts.tsv
SRR38105773	SUCCESS	PAIRED	Completed successfully	/fs/scratch/PWSU0516/siva/ebola_class_project/count_tsv/SRR38105773.counts.tsv
SRR38105770	SUCCESS	PAIRED	Completed successfully	/fs/scratch/PWSU0516/siva/ebola_class_project/count_tsv/SRR38105770.counts.tsv
SRR38105772	SUCCESS	PAIRED	Completed successfully	/fs/scratch/PWSU0516/siva/ebola_class_project/count_tsv/SRR38105772.counts.tsv
SRR38105775	SUCCESS	PAIRED	Completed successfully	/fs/scratch/PWSU0516/siva/ebola_class_project/count_tsv/SRR38105775.counts.tsv
SRR38105776	SUCCESS	PAIRED	Completed successfully	/fs/scratch/PWSU0516/siva/ebola_class_project/count_tsv/SRR38105776.counts.tsv
SRR38105759	SUCCESS	PAIRED	Completed successfully	/fs/scratch/PWSU0516/siva/ebola_class_project/count_tsv/SRR38105759.counts.tsv
SRR38105777	SUCCESS	PAIRED	Completed successfully	/fs/scratch/PWSU0516/siva/ebola_class_project/count_tsv/SRR38105777.counts.tsv
SRR38105778	SUCCESS	PAIRED	Completed successfully	/fs/scratch/PWSU0516/siva/ebola_class_project/count_tsv/SRR38105778.counts.tsv
SRR38105781	SUCCESS	PAIRED	Completed successfully	/fs/scratch/PWSU0516/siva/ebola_class_project/count_tsv/SRR38105781.counts.tsv
SRR38105782	SUCCESS	PAIRED	Completed successfully	/fs/scratch/PWSU0516/siva/ebola_class_project/count_tsv/SRR38105782.counts.tsv
SRR38105783	SUCCESS	PAIRED	Completed successfully	/fs/scratch/PWSU0516/siva/ebola_class_project/count_tsv/SRR38105783.counts.tsv
SRR38105779	SUCCESS	PAIRED	Completed successfully	/fs/scratch/PWSU0516/siva/ebola_class_project/count_tsv/SRR38105779.counts.tsv
SRR38105785	SUCCESS	PAIRED	Completed successfully	/fs/scratch/PWSU0516/siva/ebola_class_project/count_tsv/SRR38105785.counts.tsv
SRR38105787	SUCCESS	PAIRED	Completed successfully	/fs/scratch/PWSU0516/siva/ebola_class_project/count_tsv/SRR38105787.counts.tsv
SRR38105780	SUCCESS	PAIRED	Completed successfully	/fs/scratch/PWSU0516/siva/ebola_class_project/count_tsv/SRR38105780.counts.tsv
SRR38105784	SUCCESS	PAIRED	Completed successfully	/fs/scratch/PWSU0516/siva/ebola_class_project/count_tsv/SRR38105784.counts.tsv
SRR38105789	SUCCESS	PAIRED	Completed successfully	/fs/scratch/PWSU0516/siva/ebola_class_project/count_tsv/SRR38105789.counts.tsv
SRR38105786	SUCCESS	PAIRED	Completed successfully	/fs/scratch/PWSU0516/siva/ebola_class_project/count_tsv/SRR38105786.counts.tsv
SRR38105788	SUCCESS	PAIRED	Completed successfully	/fs/scratch/PWSU0516/siva/ebola_class_project/count_tsv/SRR38105788.counts.tsv
SRR38105790	SUCCESS	PAIRED	Completed successfully	/fs/scratch/PWSU0516/siva/ebola_class_project/count_tsv/SRR38105790.counts.tsv
SRR38105791	SUCCESS	PAIRED	Completed successfully	/fs/scratch/PWSU0516/siva/ebola_class_project/count_tsv/SRR38105791.counts.tsv
SRR38105794	SUCCESS	PAIRED	Completed successfully	/fs/scratch/PWSU0516/siva/ebola_class_project/count_tsv/SRR38105794.counts.tsv
SRR38105793	SUCCESS	PAIRED	Completed successfully	/fs/scratch/PWSU0516/siva/ebola_class_project/count_tsv/SRR38105793.counts.tsv
SRR38105796	SUCCESS	PAIRED	Completed successfully	/fs/scratch/PWSU0516/siva/ebola_class_project/count_tsv/SRR38105796.counts.tsv
SRR38105797	SUCCESS	PAIRED	Completed successfully	/fs/scratch/PWSU0516/siva/ebola_class_project/count_tsv/SRR38105797.counts.tsv
SRR38105798	SUCCESS	PAIRED	Completed successfully	/fs/scratch/PWSU0516/siva/ebola_class_project/count_tsv/SRR38105798.counts.tsv
SRR38105801	SUCCESS	PAIRED	Completed successfully	/fs/scratch/PWSU0516/siva/ebola_class_project/count_tsv/SRR38105801.counts.tsv
SRR38105799	SUCCESS	PAIRED	Completed successfully	/fs/scratch/PWSU0516/siva/ebola_class_project/count_tsv/SRR38105799.counts.tsv
SRR38105800	SUCCESS	PAIRED	Completed successfully	/fs/scratch/PWSU0516/siva/ebola_class_project/count_tsv/SRR38105800.counts.tsv
SRR38105795	SUCCESS	PAIRED	Completed successfully	/fs/scratch/PWSU0516/siva/ebola_class_project/count_tsv/SRR38105795.counts.tsv
SRR38105792	SUCCESS	PAIRED	Completed successfully	/fs/scratch/PWSU0516/siva/ebola_class_project/count_tsv/SRR38105792.counts.tsv
SRR38105802	SUCCESS	PAIRED	Completed successfully	/fs/scratch/PWSU0516/siva/ebola_class_project/count_tsv/SRR38105802.counts.tsv
SRR38105805	SUCCESS	PAIRED	Completed successfully	/fs/scratch/PWSU0516/siva/ebola_class_project/count_tsv/SRR38105805.counts.tsv
SRR38105806	SUCCESS	PAIRED	Completed successfully	/fs/scratch/PWSU0516/siva/ebola_class_project/count_tsv/SRR38105806.counts.tsv
SRR38105804	SUCCESS	PAIRED	Completed successfully	/fs/scratch/PWSU0516/siva/ebola_class_project/count_tsv/SRR38105804.counts.tsv
SRR38105803	SUCCESS	PAIRED	Completed successfully	/fs/scratch/PWSU0516/siva/ebola_class_project/count_tsv/SRR38105803.counts.tsv
SRR38105807	SUCCESS	PAIRED	Completed successfully	/fs/scratch/PWSU0516/siva/ebola_class_project/count_tsv/SRR38105807.counts.tsv
SRR38105808	SUCCESS	PAIRED	Completed successfully	/fs/scratch/PWSU0516/siva/ebola_class_project/count_tsv/SRR38105808.counts.tsv
SRR38105809	SUCCESS	PAIRED	Completed successfully	/fs/scratch/PWSU0516/siva/ebola_class_project/count_tsv/SRR38105809.counts.tsv
SRR38105810	SUCCESS	PAIRED	Completed successfully	/fs/scratch/PWSU0516/siva/ebola_class_project/count_tsv/SRR38105810.counts.tsv
SRR38105812	SUCCESS	PAIRED	Completed successfully	/fs/scratch/PWSU0516/siva/ebola_class_project/count_tsv/SRR38105812.counts.tsv
SRR38105815	SUCCESS	PAIRED	Completed successfully	/fs/scratch/PWSU0516/siva/ebola_class_project/count_tsv/SRR38105815.counts.tsv
SRR38105813	SUCCESS	PAIRED	Completed successfully	/fs/scratch/PWSU0516/siva/ebola_class_project/count_tsv/SRR38105813.counts.tsv
SRR38105814	SUCCESS	PAIRED	Completed successfully	/fs/scratch/PWSU0516/siva/ebola_class_project/count_tsv/SRR38105814.counts.tsv
SRR38105818	SUCCESS	PAIRED	Completed successfully	/fs/scratch/PWSU0516/siva/ebola_class_project/count_tsv/SRR38105818.counts.tsv
SRR38105819	SUCCESS	PAIRED	Completed successfully	/fs/scratch/PWSU0516/siva/ebola_class_project/count_tsv/SRR38105819.counts.tsv
SRR38105811	SUCCESS	PAIRED	Completed successfully	/fs/scratch/PWSU0516/siva/ebola_class_project/count_tsv/SRR38105811.counts.tsv
SRR38105816	SUCCESS	PAIRED	Completed successfully	/fs/scratch/PWSU0516/siva/ebola_class_project/count_tsv/SRR38105816.counts.tsv
SRR38105820	SUCCESS	PAIRED	Completed successfully	/fs/scratch/PWSU0516/siva/ebola_class_project/count_tsv/SRR38105820.counts.tsv
SRR38105821	SUCCESS	PAIRED	Completed successfully	/fs/scratch/PWSU0516/siva/ebola_class_project/count_tsv/SRR38105821.counts.tsv
SRR38105824	SUCCESS	PAIRED	Completed successfully	/fs/scratch/PWSU0516/siva/ebola_class_project/count_tsv/SRR38105824.counts.tsv
SRR38105822	SUCCESS	PAIRED	Completed successfully	/fs/scratch/PWSU0516/siva/ebola_class_project/count_tsv/SRR38105822.counts.tsv
SRR38105825	SUCCESS	PAIRED	Completed successfully	/fs/scratch/PWSU0516/siva/ebola_class_project/count_tsv/SRR38105825.counts.tsv
SRR38105823	SUCCESS	PAIRED	Completed successfully	/fs/scratch/PWSU0516/siva/ebola_class_project/count_tsv/SRR38105823.counts.tsv
SRR38105817	SUCCESS	PAIRED	Completed successfully	/fs/scratch/PWSU0516/siva/ebola_class_project/count_tsv/SRR38105817.counts.tsv
SRR38105827	SUCCESS	PAIRED	Completed successfully	/fs/scratch/PWSU0516/siva/ebola_class_project/count_tsv/SRR38105827.counts.tsv
SRR38105828	SUCCESS	PAIRED	Completed successfully	/fs/scratch/PWSU0516/siva/ebola_class_project/count_tsv/SRR38105828.counts.tsv
SRR38105829	SUCCESS	PAIRED	Completed successfully	/fs/scratch/PWSU0516/siva/ebola_class_project/count_tsv/SRR38105829.counts.tsv
SRR38105830	SUCCESS	PAIRED	Completed successfully	/fs/scratch/PWSU0516/siva/ebola_class_project/count_tsv/SRR38105830.counts.tsv
SRR38105831	SUCCESS	PAIRED	Completed successfully	/fs/scratch/PWSU0516/siva/ebola_class_project/count_tsv/SRR38105831.counts.tsv
SRR38105832	SUCCESS	PAIRED	Completed successfully	/fs/scratch/PWSU0516/siva/ebola_class_project/count_tsv/SRR38105832.counts.tsv
SRR38105833	SUCCESS	PAIRED	Completed successfully	/fs/scratch/PWSU0516/siva/ebola_class_project/count_tsv/SRR38105833.counts.tsv
SRR38105835	SUCCESS	PAIRED	Completed successfully	/fs/scratch/PWSU0516/siva/ebola_class_project/count_tsv/SRR38105835.counts.tsv
SRR38105834	SUCCESS	PAIRED	Completed successfully	/fs/scratch/PWSU0516/siva/ebola_class_project/count_tsv/SRR38105834.counts.tsv
SRR38105836	SUCCESS	PAIRED	Completed successfully	/fs/scratch/PWSU0516/siva/ebola_class_project/count_tsv/SRR38105836.counts.tsv
SRR38105826	SUCCESS	PAIRED	Completed successfully	/fs/scratch/PWSU0516/siva/ebola_class_project/count_tsv/SRR38105826.counts.tsv
SRR38105839	SUCCESS	PAIRED	Completed successfully	/fs/scratch/PWSU0516/siva/ebola_class_project/count_tsv/SRR38105839.counts.tsv
SRR38105840	SUCCESS	PAIRED	Completed successfully	/fs/scratch/PWSU0516/siva/ebola_class_project/count_tsv/SRR38105840.counts.tsv
SRR38105841	SUCCESS	PAIRED	Completed successfully	/fs/scratch/PWSU0516/siva/ebola_class_project/count_tsv/SRR38105841.counts.tsv
SRR38105837	SUCCESS	PAIRED	Completed successfully	/fs/scratch/PWSU0516/siva/ebola_class_project/count_tsv/SRR38105837.counts.tsv
SRR38105843	SUCCESS	PAIRED	Completed successfully	/fs/scratch/PWSU0516/siva/ebola_class_project/count_tsv/SRR38105843.counts.tsv
SRR38105838	SUCCESS	PAIRED	Completed successfully	/fs/scratch/PWSU0516/siva/ebola_class_project/count_tsv/SRR38105838.counts.tsv
SRR38105842	SUCCESS	PAIRED	Completed successfully	/fs/scratch/PWSU0516/siva/ebola_class_project/count_tsv/SRR38105842.counts.tsv
SRR38105844	SUCCESS	PAIRED	Completed successfully	/fs/scratch/PWSU0516/siva/ebola_class_project/count_tsv/SRR38105844.counts.tsv
SRR38105845	SUCCESS	PAIRED	Completed successfully	/fs/scratch/PWSU0516/siva/ebola_class_project/count_tsv/SRR38105845.counts.tsv
SRR38105846	SUCCESS	PAIRED	Completed successfully	/fs/scratch/PWSU0516/siva/ebola_class_project/count_tsv/SRR38105846.counts.tsv
SRR38105850	SUCCESS	PAIRED	Completed successfully	/fs/scratch/PWSU0516/siva/ebola_class_project/count_tsv/SRR38105850.counts.tsv
SRR38105848	SUCCESS	PAIRED	Completed successfully	/fs/scratch/PWSU0516/siva/ebola_class_project/count_tsv/SRR38105848.counts.tsv
SRR38105849	SUCCESS	PAIRED	Completed successfully	/fs/scratch/PWSU0516/siva/ebola_class_project/count_tsv/SRR38105849.counts.tsv
SRR38105847	SUCCESS	PAIRED	Completed successfully	/fs/scratch/PWSU0516/siva/ebola_class_project/count_tsv/SRR38105847.counts.tsv
SRR38105853	SUCCESS	PAIRED	Completed successfully	/fs/scratch/PWSU0516/siva/ebola_class_project/count_tsv/SRR38105853.counts.tsv
SRR38105852	SUCCESS	PAIRED	Completed successfully	/fs/scratch/PWSU0516/siva/ebola_class_project/count_tsv/SRR38105852.counts.tsv
SRR38105854	SUCCESS	PAIRED	Completed successfully	/fs/scratch/PWSU0516/siva/ebola_class_project/count_tsv/SRR38105854.counts.tsv
SRR38105851	SUCCESS	PAIRED	Completed successfully	/fs/scratch/PWSU0516/siva/ebola_class_project/count_tsv/SRR38105851.counts.tsv
SRR38105855	SUCCESS	PAIRED	Completed successfully	/fs/scratch/PWSU0516/siva/ebola_class_project/count_tsv/SRR38105855.counts.tsv
SRR38105857	SUCCESS	PAIRED	Completed successfully	/fs/scratch/PWSU0516/siva/ebola_class_project/count_tsv/SRR38105857.counts.tsv
SRR38105859	SUCCESS	PAIRED	Completed successfully	/fs/scratch/PWSU0516/siva/ebola_class_project/count_tsv/SRR38105859.counts.tsv
SRR38105858	SUCCESS	PAIRED	Completed successfully	/fs/scratch/PWSU0516/siva/ebola_class_project/count_tsv/SRR38105858.counts.tsv
SRR38105856	SUCCESS	PAIRED	Completed successfully	/fs/scratch/PWSU0516/siva/ebola_class_project/count_tsv/SRR38105856.counts.tsv
SRR38105860	SUCCESS	PAIRED	Completed successfully	/fs/scratch/PWSU0516/siva/ebola_class_project/count_tsv/SRR38105860.counts.tsv
SRR38105861	SUCCESS	PAIRED	Completed successfully	/fs/scratch/PWSU0516/siva/ebola_class_project/count_tsv/SRR38105861.counts.tsv
SRR38105862	SUCCESS	PAIRED	Completed successfully	/fs/scratch/PWSU0516/siva/ebola_class_project/count_tsv/SRR38105862.counts.tsv
SRR38105864	SUCCESS	PAIRED	Completed successfully	/fs/scratch/PWSU0516/siva/ebola_class_project/count_tsv/SRR38105864.counts.tsv
SRR38105863	SUCCESS	PAIRED	Completed successfully	/fs/scratch/PWSU0516/siva/ebola_class_project/count_tsv/SRR38105863.counts.tsv
SRR38105867	SUCCESS	PAIRED	Completed successfully	/fs/scratch/PWSU0516/siva/ebola_class_project/count_tsv/SRR38105867.counts.tsv
SRR38105865	SUCCESS	PAIRED	Completed successfully	/fs/scratch/PWSU0516/siva/ebola_class_project/count_tsv/SRR38105865.counts.tsv
SRR38105868	SUCCESS	PAIRED	Completed successfully	/fs/scratch/PWSU0516/siva/ebola_class_project/count_tsv/SRR38105868.counts.tsv
SRR38105866	SUCCESS	PAIRED	Completed successfully	/fs/scratch/PWSU0516/siva/ebola_class_project/count_tsv/SRR38105866.counts.tsv
SRR38105869	SUCCESS	PAIRED	Completed successfully	/fs/scratch/PWSU0516/siva/ebola_class_project/count_tsv/SRR38105869.counts.tsv
SRR38105870	SUCCESS	PAIRED	Completed successfully	/fs/scratch/PWSU0516/siva/ebola_class_project/count_tsv/SRR38105870.counts.tsv
SRR38105872	SUCCESS	PAIRED	Completed successfully	/fs/scratch/PWSU0516/siva/ebola_class_project/count_tsv/SRR38105872.counts.tsv
SRR38105873	SUCCESS	PAIRED	Completed successfully	/fs/scratch/PWSU0516/siva/ebola_class_project/count_tsv/SRR38105873.counts.tsv
SRR38105871	SUCCESS	PAIRED	Completed successfully	/fs/scratch/PWSU0516/siva/ebola_class_project/count_tsv/SRR38105871.counts.tsv
SRR38105874	SUCCESS	PAIRED	Completed successfully	/fs/scratch/PWSU0516/siva/ebola_class_project/count_tsv/SRR38105874.counts.tsv
SRR38105878	SUCCESS	PAIRED	Completed successfully	/fs/scratch/PWSU0516/siva/ebola_class_project/count_tsv/SRR38105878.counts.tsv
SRR38105876	SUCCESS	PAIRED	Completed successfully	/fs/scratch/PWSU0516/siva/ebola_class_project/count_tsv/SRR38105876.counts.tsv
SRR38105875	SUCCESS	PAIRED	Completed successfully	/fs/scratch/PWSU0516/siva/ebola_class_project/count_tsv/SRR38105875.counts.tsv
SRR38105877	SUCCESS	PAIRED	Completed successfully	/fs/scratch/PWSU0516/siva/ebola_class_project/count_tsv/SRR38105877.counts.tsv
SRR38105879	SUCCESS	PAIRED	Completed successfully	/fs/scratch/PWSU0516/siva/ebola_class_project/count_tsv/SRR38105879.counts.tsv
SRR38105882	SUCCESS	PAIRED	Completed successfully	/fs/scratch/PWSU0516/siva/ebola_class_project/count_tsv/SRR38105882.counts.tsv
SRR38105881	SUCCESS	PAIRED	Completed successfully	/fs/scratch/PWSU0516/siva/ebola_class_project/count_tsv/SRR38105881.counts.tsv
SRR38105883	SUCCESS	PAIRED	Completed successfully	/fs/scratch/PWSU0516/siva/ebola_class_project/count_tsv/SRR38105883.counts.tsv
SRR38105880	SUCCESS	PAIRED	Completed successfully	/fs/scratch/PWSU0516/siva/ebola_class_project/count_tsv/SRR38105880.counts.tsv
SRR38105884	SUCCESS	PAIRED	Completed successfully	/fs/scratch/PWSU0516/siva/ebola_class_project/count_tsv/SRR38105884.counts.tsv
SRR38105887	SUCCESS	PAIRED	Completed successfully	/fs/scratch/PWSU0516/siva/ebola_class_project/count_tsv/SRR38105887.counts.tsv
SRR38105885	SUCCESS	PAIRED	Completed successfully	/fs/scratch/PWSU0516/siva/ebola_class_project/count_tsv/SRR38105885.counts.tsv
SRR38105891	SUCCESS	PAIRED	Completed successfully	/fs/scratch/PWSU0516/siva/ebola_class_project/count_tsv/SRR38105891.counts.tsv
SRR38105889	SUCCESS	PAIRED	Completed successfully	/fs/scratch/PWSU0516/siva/ebola_class_project/count_tsv/SRR38105889.counts.tsv
SRR38105890	SUCCESS	PAIRED	Completed successfully	/fs/scratch/PWSU0516/siva/ebola_class_project/count_tsv/SRR38105890.counts.tsv
SRR38105892	SUCCESS	PAIRED	Completed successfully	/fs/scratch/PWSU0516/siva/ebola_class_project/count_tsv/SRR38105892.counts.tsv
SRR38105893	SUCCESS	PAIRED	Completed successfully	/fs/scratch/PWSU0516/siva/ebola_class_project/count_tsv/SRR38105893.counts.tsv
SRR38105888	SUCCESS	PAIRED	Completed successfully	/fs/scratch/PWSU0516/siva/ebola_class_project/count_tsv/SRR38105888.counts.tsv
SRR38105886	SUCCESS	PAIRED	Completed successfully	/fs/scratch/PWSU0516/siva/ebola_class_project/count_tsv/SRR38105886.counts.tsv
SRR38105894	SUCCESS	PAIRED	Completed successfully	/fs/scratch/PWSU0516/siva/ebola_class_project/count_tsv/SRR38105894.counts.tsv
SRR38105895	SUCCESS	PAIRED	Completed successfully	/fs/scratch/PWSU0516/siva/ebola_class_project/count_tsv/SRR38105895.counts.tsv
SRR38105897	SUCCESS	PAIRED	Completed successfully	/fs/scratch/PWSU0516/siva/ebola_class_project/count_tsv/SRR38105897.counts.tsv
SRR38105896	SUCCESS	PAIRED	Completed successfully	/fs/scratch/PWSU0516/siva/ebola_class_project/count_tsv/SRR38105896.counts.tsv
SRR38105542	SKIPPED	UNSUPPORTED	Unsupported FASTQ pattern; expected single file or _1/_3 pair	NA
SRR38105542	SUCCESS	PAIRED	Completed successfully	/fs/scratch/PWSU0516/siva/ebola_class_project/count_tsv/SRR38105542.counts.tsv
SRR38105543	SUCCESS	PAIRED	Completed successfully	/fs/scratch/PWSU0516/siva/ebola_class_project/count_tsv/SRR38105543.counts.tsv
SRR38105545	SUCCESS	PAIRED	Completed successfully	/fs/scratch/PWSU0516/siva/ebola_class_project/count_tsv/SRR38105545.counts.tsv
SRR38105546	SUCCESS	PAIRED	Completed successfully	/fs/scratch/PWSU0516/siva/ebola_class_project/count_tsv/SRR38105546.counts.tsv
SRR38105547	SUCCESS	PAIRED	Completed successfully	/fs/scratch/PWSU0516/siva/ebola_class_project/count_tsv/SRR38105547.counts.tsv
SRR38105544	SUCCESS	PAIRED	Completed successfully	/fs/scratch/PWSU0516/siva/ebola_class_project/count_tsv/SRR38105544.counts.tsv
SRR38105549	SUCCESS	PAIRED	Completed successfully	/fs/scratch/PWSU0516/siva/ebola_class_project/count_tsv/SRR38105549.counts.tsv
SRR38105552	SUCCESS	PAIRED	Completed successfully	/fs/scratch/PWSU0516/siva/ebola_class_project/count_tsv/SRR38105552.counts.tsv
SRR38105548	SUCCESS	PAIRED	Completed successfully	/fs/scratch/PWSU0516/siva/ebola_class_project/count_tsv/SRR38105548.counts.tsv
SRR38105550	SUCCESS	PAIRED	Completed successfully	/fs/scratch/PWSU0516/siva/ebola_class_project/count_tsv/SRR38105550.counts.tsv
SRR38105551	SUCCESS	PAIRED	Completed successfully	/fs/scratch/PWSU0516/siva/ebola_class_project/count_tsv/SRR38105551.counts.tsv
SRR38105553	SUCCESS	PAIRED	Completed successfully	/fs/scratch/PWSU0516/siva/ebola_class_project/count_tsv/SRR38105553.counts.tsv
SRR38105554	SUCCESS	PAIRED	Completed successfully	/fs/scratch/PWSU0516/siva/ebola_class_project/count_tsv/SRR38105554.counts.tsv
SRR38105555	SUCCESS	PAIRED	Completed successfully	/fs/scratch/PWSU0516/siva/ebola_class_project/count_tsv/SRR38105555.counts.tsv
SRR38105556	SUCCESS	PAIRED	Completed successfully	/fs/scratch/PWSU0516/siva/ebola_class_project/count_tsv/SRR38105556.counts.tsv
SRR38105557	SUCCESS	PAIRED	Completed successfully	/fs/scratch/PWSU0516/siva/ebola_class_project/count_tsv/SRR38105557.counts.tsv
SRR38105558	SUCCESS	PAIRED	Completed successfully	/fs/scratch/PWSU0516/siva/ebola_class_project/count_tsv/SRR38105558.counts.tsv
SRR38105560	SUCCESS	PAIRED	Completed successfully	/fs/scratch/PWSU0516/siva/ebola_class_project/count_tsv/SRR38105560.counts.tsv
SRR38105559	SUCCESS	PAIRED	Completed successfully	/fs/scratch/PWSU0516/siva/ebola_class_project/count_tsv/SRR38105559.counts.tsv
SRR38105562	SUCCESS	PAIRED	Completed successfully	/fs/scratch/PWSU0516/siva/ebola_class_project/count_tsv/SRR38105562.counts.tsv
SRR38105561	SUCCESS	PAIRED	Completed successfully	/fs/scratch/PWSU0516/siva/ebola_class_project/count_tsv/SRR38105561.counts.tsv
SRR38105563	SUCCESS	PAIRED	Completed successfully	/fs/scratch/PWSU0516/siva/ebola_class_project/count_tsv/SRR38105563.counts.tsv
SRR38105568	SUCCESS	PAIRED	Completed successfully	/fs/scratch/PWSU0516/siva/ebola_class_project/count_tsv/SRR38105568.counts.tsv
SRR38105565	SUCCESS	PAIRED	Completed successfully	/fs/scratch/PWSU0516/siva/ebola_class_project/count_tsv/SRR38105565.counts.tsv
SRR38105566	SUCCESS	PAIRED	Completed successfully	/fs/scratch/PWSU0516/siva/ebola_class_project/count_tsv/SRR38105566.counts.tsv
SRR38105567	SUCCESS	PAIRED	Completed successfully	/fs/scratch/PWSU0516/siva/ebola_class_project/count_tsv/SRR38105567.counts.tsv
SRR38105570	SUCCESS	PAIRED	Completed successfully	/fs/scratch/PWSU0516/siva/ebola_class_project/count_tsv/SRR38105570.counts.tsv
SRR38105569	SUCCESS	PAIRED	Completed successfully	/fs/scratch/PWSU0516/siva/ebola_class_project/count_tsv/SRR38105569.counts.tsv
SRR38105572	SUCCESS	PAIRED	Completed successfully	/fs/scratch/PWSU0516/siva/ebola_class_project/count_tsv/SRR38105572.counts.tsv
SRR38105571	SUCCESS	PAIRED	Completed successfully	/fs/scratch/PWSU0516/siva/ebola_class_project/count_tsv/SRR38105571.counts.tsv
SRR38105573	SUCCESS	PAIRED	Completed successfully	/fs/scratch/PWSU0516/siva/ebola_class_project/count_tsv/SRR38105573.counts.tsv
SRR38105574	SUCCESS	PAIRED	Completed successfully	/fs/scratch/PWSU0516/siva/ebola_class_project/count_tsv/SRR38105574.counts.tsv
SRR38105575	SUCCESS	PAIRED	Completed successfully	/fs/scratch/PWSU0516/siva/ebola_class_project/count_tsv/SRR38105575.counts.tsv
SRR38105564	SUCCESS	PAIRED	Completed successfully	/fs/scratch/PWSU0516/siva/ebola_class_project/count_tsv/SRR38105564.counts.tsv
SRR38105578	SUCCESS	PAIRED	Completed successfully	/fs/scratch/PWSU0516/siva/ebola_class_project/count_tsv/SRR38105578.counts.tsv
SRR38105576	SUCCESS	PAIRED	Completed successfully	/fs/scratch/PWSU0516/siva/ebola_class_project/count_tsv/SRR38105576.counts.tsv
SRR38105579	SUCCESS	PAIRED	Completed successfully	/fs/scratch/PWSU0516/siva/ebola_class_project/count_tsv/SRR38105579.counts.tsv
SRR38105580	SUCCESS	PAIRED	Completed successfully	/fs/scratch/PWSU0516/siva/ebola_class_project/count_tsv/SRR38105580.counts.tsv
SRR38105582	SUCCESS	PAIRED	Completed successfully	/fs/scratch/PWSU0516/siva/ebola_class_project/count_tsv/SRR38105582.counts.tsv
SRR38105577	SUCCESS	PAIRED	Completed successfully	/fs/scratch/PWSU0516/siva/ebola_class_project/count_tsv/SRR38105577.counts.tsv
SRR38105581	SUCCESS	PAIRED	Completed successfully	/fs/scratch/PWSU0516/siva/ebola_class_project/count_tsv/SRR38105581.counts.tsv
SRR38105583	SUCCESS	PAIRED	Completed successfully	/fs/scratch/PWSU0516/siva/ebola_class_project/count_tsv/SRR38105583.counts.tsv
SRR38105585	SUCCESS	PAIRED	Completed successfully	/fs/scratch/PWSU0516/siva/ebola_class_project/count_tsv/SRR38105585.counts.tsv
SRR38105586	SUCCESS	PAIRED	Completed successfully	/fs/scratch/PWSU0516/siva/ebola_class_project/count_tsv/SRR38105586.counts.tsv
SRR38105587	SUCCESS	PAIRED	Completed successfully	/fs/scratch/PWSU0516/siva/ebola_class_project/count_tsv/SRR38105587.counts.tsv
SRR38105584	SUCCESS	PAIRED	Completed successfully	/fs/scratch/PWSU0516/siva/ebola_class_project/count_tsv/SRR38105584.counts.tsv
SRR38105588	SUCCESS	PAIRED	Completed successfully	/fs/scratch/PWSU0516/siva/ebola_class_project/count_tsv/SRR38105588.counts.tsv
SRR38105589	SUCCESS	PAIRED	Completed successfully	/fs/scratch/PWSU0516/siva/ebola_class_project/count_tsv/SRR38105589.counts.tsv
SRR38105591	SUCCESS	PAIRED	Completed successfully	/fs/scratch/PWSU0516/siva/ebola_class_project/count_tsv/SRR38105591.counts.tsv
SRR38105592	SUCCESS	PAIRED	Completed successfully	/fs/scratch/PWSU0516/siva/ebola_class_project/count_tsv/SRR38105592.counts.tsv
SRR38105590	SUCCESS	PAIRED	Completed successfully	/fs/scratch/PWSU0516/siva/ebola_class_project/count_tsv/SRR38105590.counts.tsv
SRR38105594	SUCCESS	PAIRED	Completed successfully	/fs/scratch/PWSU0516/siva/ebola_class_project/count_tsv/SRR38105594.counts.tsv
SRR38105593	SUCCESS	PAIRED	Completed successfully	/fs/scratch/PWSU0516/siva/ebola_class_project/count_tsv/SRR38105593.counts.tsv
SRR38105596	SUCCESS	PAIRED	Completed successfully	/fs/scratch/PWSU0516/siva/ebola_class_project/count_tsv/SRR38105596.counts.tsv
SRR38105597	SUCCESS	PAIRED	Completed successfully	/fs/scratch/PWSU0516/siva/ebola_class_project/count_tsv/SRR38105597.counts.tsv
SRR38105595	SUCCESS	PAIRED	Completed successfully	/fs/scratch/PWSU0516/siva/ebola_class_project/count_tsv/SRR38105595.counts.tsv
SRR38105600	SUCCESS	PAIRED	Completed successfully	/fs/scratch/PWSU0516/siva/ebola_class_project/count_tsv/SRR38105600.counts.tsv
SRR38105599	SUCCESS	PAIRED	Completed successfully	/fs/scratch/PWSU0516/siva/ebola_class_project/count_tsv/SRR38105599.counts.tsv
SRR38105598	SUCCESS	PAIRED	Completed successfully	/fs/scratch/PWSU0516/siva/ebola_class_project/count_tsv/SRR38105598.counts.tsv
SRR38105601	SUCCESS	PAIRED	Completed successfully	/fs/scratch/PWSU0516/siva/ebola_class_project/count_tsv/SRR38105601.counts.tsv
SRR38105602	SUCCESS	PAIRED	Completed successfully	/fs/scratch/PWSU0516/siva/ebola_class_project/count_tsv/SRR38105602.counts.tsv
SRR38105605	SUCCESS	PAIRED	Completed successfully	/fs/scratch/PWSU0516/siva/ebola_class_project/count_tsv/SRR38105605.counts.tsv
SRR38105603	SUCCESS	PAIRED	Completed successfully	/fs/scratch/PWSU0516/siva/ebola_class_project/count_tsv/SRR38105603.counts.tsv
SRR38105606	SUCCESS	PAIRED	Completed successfully	/fs/scratch/PWSU0516/siva/ebola_class_project/count_tsv/SRR38105606.counts.tsv
SRR38105607	SUCCESS	PAIRED	Completed successfully	/fs/scratch/PWSU0516/siva/ebola_class_project/count_tsv/SRR38105607.counts.tsv
SRR38105604	SUCCESS	PAIRED	Completed successfully	/fs/scratch/PWSU0516/siva/ebola_class_project/count_tsv/SRR38105604.counts.tsv
SRR38105612	SUCCESS	PAIRED	Completed successfully	/fs/scratch/PWSU0516/siva/ebola_class_project/count_tsv/SRR38105612.counts.tsv
SRR38105613	SUCCESS	PAIRED	Completed successfully	/fs/scratch/PWSU0516/siva/ebola_class_project/count_tsv/SRR38105613.counts.tsv
SRR38105611	SUCCESS	PAIRED	Completed successfully	/fs/scratch/PWSU0516/siva/ebola_class_project/count_tsv/SRR38105611.counts.tsv
SRR38105610	SUCCESS	PAIRED	Completed successfully	/fs/scratch/PWSU0516/siva/ebola_class_project/count_tsv/SRR38105610.counts.tsv
SRR38105614	SUCCESS	PAIRED	Completed successfully	/fs/scratch/PWSU0516/siva/ebola_class_project/count_tsv/SRR38105614.counts.tsv
SRR38105609	SUCCESS	PAIRED	Completed successfully	/fs/scratch/PWSU0516/siva/ebola_class_project/count_tsv/SRR38105609.counts.tsv
SRR38105616	SUCCESS	PAIRED	Completed successfully	/fs/scratch/PWSU0516/siva/ebola_class_project/count_tsv/SRR38105616.counts.tsv
SRR38105615	SUCCESS	PAIRED	Completed successfully	/fs/scratch/PWSU0516/siva/ebola_class_project/count_tsv/SRR38105615.counts.tsv
SRR38105619	SUCCESS	PAIRED	Completed successfully	/fs/scratch/PWSU0516/siva/ebola_class_project/count_tsv/SRR38105619.counts.tsv
SRR38105617	SUCCESS	PAIRED	Completed successfully	/fs/scratch/PWSU0516/siva/ebola_class_project/count_tsv/SRR38105617.counts.tsv
SRR38105618	SUCCESS	PAIRED	Completed successfully	/fs/scratch/PWSU0516/siva/ebola_class_project/count_tsv/SRR38105618.counts.tsv
SRR38105608	SUCCESS	PAIRED	Completed successfully	/fs/scratch/PWSU0516/siva/ebola_class_project/count_tsv/SRR38105608.counts.tsv
SRR38105621	SUCCESS	PAIRED	Completed successfully	/fs/scratch/PWSU0516/siva/ebola_class_project/count_tsv/SRR38105621.counts.tsv
SRR38105620	SUCCESS	PAIRED	Completed successfully	/fs/scratch/PWSU0516/siva/ebola_class_project/count_tsv/SRR38105620.counts.tsv
SRR38105623	SUCCESS	PAIRED	Completed successfully	/fs/scratch/PWSU0516/siva/ebola_class_project/count_tsv/SRR38105623.counts.tsv
SRR38105626	SUCCESS	PAIRED	Completed successfully	/fs/scratch/PWSU0516/siva/ebola_class_project/count_tsv/SRR38105626.counts.tsv
SRR38105625	SUCCESS	PAIRED	Completed successfully	/fs/scratch/PWSU0516/siva/ebola_class_project/count_tsv/SRR38105625.counts.tsv
SRR38105624	SUCCESS	PAIRED	Completed successfully	/fs/scratch/PWSU0516/siva/ebola_class_project/count_tsv/SRR38105624.counts.tsv
SRR38105627	SUCCESS	PAIRED	Completed successfully	/fs/scratch/PWSU0516/siva/ebola_class_project/count_tsv/SRR38105627.counts.tsv
SRR38105628	SUCCESS	PAIRED	Completed successfully	/fs/scratch/PWSU0516/siva/ebola_class_project/count_tsv/SRR38105628.counts.tsv
SRR38105631	SUCCESS	PAIRED	Completed successfully	/fs/scratch/PWSU0516/siva/ebola_class_project/count_tsv/SRR38105631.counts.tsv
SRR38105629	SUCCESS	PAIRED	Completed successfully	/fs/scratch/PWSU0516/siva/ebola_class_project/count_tsv/SRR38105629.counts.tsv
SRR38105622	SUCCESS	PAIRED	Completed successfully	/fs/scratch/PWSU0516/siva/ebola_class_project/count_tsv/SRR38105622.counts.tsv
SRR38105630	SUCCESS	PAIRED	Completed successfully	/fs/scratch/PWSU0516/siva/ebola_class_project/count_tsv/SRR38105630.counts.tsv
SRR38105633	SUCCESS	PAIRED	Completed successfully	/fs/scratch/PWSU0516/siva/ebola_class_project/count_tsv/SRR38105633.counts.tsv
SRR38105634	SUCCESS	PAIRED	Completed successfully	/fs/scratch/PWSU0516/siva/ebola_class_project/count_tsv/SRR38105634.counts.tsv
SRR38105635	SUCCESS	PAIRED	Completed successfully	/fs/scratch/PWSU0516/siva/ebola_class_project/count_tsv/SRR38105635.counts.tsv
SRR38105636	SUCCESS	PAIRED	Completed successfully	/fs/scratch/PWSU0516/siva/ebola_class_project/count_tsv/SRR38105636.counts.tsv
SRR38105637	SUCCESS	PAIRED	Completed successfully	/fs/scratch/PWSU0516/siva/ebola_class_project/count_tsv/SRR38105637.counts.tsv
SRR38105632	SUCCESS	PAIRED	Completed successfully	/fs/scratch/PWSU0516/siva/ebola_class_project/count_tsv/SRR38105632.counts.tsv
SRR38105638	SUCCESS	PAIRED	Completed successfully	/fs/scratch/PWSU0516/siva/ebola_class_project/count_tsv/SRR38105638.counts.tsv
SRR38105640	SUCCESS	PAIRED	Completed successfully	/fs/scratch/PWSU0516/siva/ebola_class_project/count_tsv/SRR38105640.counts.tsv
SRR38105641	SUCCESS	PAIRED	Completed successfully	/fs/scratch/PWSU0516/siva/ebola_class_project/count_tsv/SRR38105641.counts.tsv
SRR38105642	SUCCESS	PAIRED	Completed successfully	/fs/scratch/PWSU0516/siva/ebola_class_project/count_tsv/SRR38105642.counts.tsv
SRR38105643	SUCCESS	PAIRED	Completed successfully	/fs/scratch/PWSU0516/siva/ebola_class_project/count_tsv/SRR38105643.counts.tsv
SRR38105644	SUCCESS	PAIRED	Completed successfully	/fs/scratch/PWSU0516/siva/ebola_class_project/count_tsv/SRR38105644.counts.tsv
SRR38105645	SUCCESS	PAIRED	Completed successfully	/fs/scratch/PWSU0516/siva/ebola_class_project/count_tsv/SRR38105645.counts.tsv
SRR38105646	SUCCESS	PAIRED	Completed successfully	/fs/scratch/PWSU0516/siva/ebola_class_project/count_tsv/SRR38105646.counts.tsv
SRR38105647	SUCCESS	PAIRED	Completed successfully	/fs/scratch/PWSU0516/siva/ebola_class_project/count_tsv/SRR38105647.counts.tsv
SRR38105648	SUCCESS	PAIRED	Completed successfully	/fs/scratch/PWSU0516/siva/ebola_class_project/count_tsv/SRR38105648.counts.tsv
SRR38105649	SUCCESS	PAIRED	Completed successfully	/fs/scratch/PWSU0516/siva/ebola_class_project/count_tsv/SRR38105649.counts.tsv
SRR38105639	SUCCESS	PAIRED	Completed successfully	/fs/scratch/PWSU0516/siva/ebola_class_project/count_tsv/SRR38105639.counts.tsv
SRR38105651	SUCCESS	PAIRED	Completed successfully	/fs/scratch/PWSU0516/siva/ebola_class_project/count_tsv/SRR38105651.counts.tsv
SRR38105652	SUCCESS	PAIRED	Completed successfully	/fs/scratch/PWSU0516/siva/ebola_class_project/count_tsv/SRR38105652.counts.tsv
SRR38105650	SUCCESS	PAIRED	Completed successfully	/fs/scratch/PWSU0516/siva/ebola_class_project/count_tsv/SRR38105650.counts.tsv
SRR38105653	SUCCESS	PAIRED	Completed successfully	/fs/scratch/PWSU0516/siva/ebola_class_project/count_tsv/SRR38105653.counts.tsv
SRR38105658	SUCCESS	PAIRED	Completed successfully	/fs/scratch/PWSU0516/siva/ebola_class_project/count_tsv/SRR38105658.counts.tsv
SRR38105654	SUCCESS	PAIRED	Completed successfully	/fs/scratch/PWSU0516/siva/ebola_class_project/count_tsv/SRR38105654.counts.tsv
SRR38105655	SUCCESS	PAIRED	Completed successfully	/fs/scratch/PWSU0516/siva/ebola_class_project/count_tsv/SRR38105655.counts.tsv
SRR38105656	SUCCESS	PAIRED	Completed successfully	/fs/scratch/PWSU0516/siva/ebola_class_project/count_tsv/SRR38105656.counts.tsv
SRR38105657	SUCCESS	PAIRED	Completed successfully	/fs/scratch/PWSU0516/siva/ebola_class_project/count_tsv/SRR38105657.counts.tsv
SRR38105661	SUCCESS	PAIRED	Completed successfully	/fs/scratch/PWSU0516/siva/ebola_class_project/count_tsv/SRR38105661.counts.tsv
SRR38105660	SUCCESS	PAIRED	Completed successfully	/fs/scratch/PWSU0516/siva/ebola_class_project/count_tsv/SRR38105660.counts.tsv
SRR38105659	SUCCESS	PAIRED	Completed successfully	/fs/scratch/PWSU0516/siva/ebola_class_project/count_tsv/SRR38105659.counts.tsv
SRR38105662	SUCCESS	PAIRED	Completed successfully	/fs/scratch/PWSU0516/siva/ebola_class_project/count_tsv/SRR38105662.counts.tsv
SRR38105663	SUCCESS	PAIRED	Completed successfully	/fs/scratch/PWSU0516/siva/ebola_class_project/count_tsv/SRR38105663.counts.tsv
SRR38105664	SUCCESS	PAIRED	Completed successfully	/fs/scratch/PWSU0516/siva/ebola_class_project/count_tsv/SRR38105664.counts.tsv
SRR38105666	SUCCESS	PAIRED	Completed successfully	/fs/scratch/PWSU0516/siva/ebola_class_project/count_tsv/SRR38105666.counts.tsv
SRR38105667	SUCCESS	PAIRED	Completed successfully	/fs/scratch/PWSU0516/siva/ebola_class_project/count_tsv/SRR38105667.counts.tsv
SRR38105665	SUCCESS	PAIRED	Completed successfully	/fs/scratch/PWSU0516/siva/ebola_class_project/count_tsv/SRR38105665.counts.tsv
SRR38105670	SUCCESS	PAIRED	Completed successfully	/fs/scratch/PWSU0516/siva/ebola_class_project/count_tsv/SRR38105670.counts.tsv
SRR38105669	SUCCESS	PAIRED	Completed successfully	/fs/scratch/PWSU0516/siva/ebola_class_project/count_tsv/SRR38105669.counts.tsv
SRR38105668	SUCCESS	PAIRED	Completed successfully	/fs/scratch/PWSU0516/siva/ebola_class_project/count_tsv/SRR38105668.counts.tsv
SRR38105672	SUCCESS	PAIRED	Completed successfully	/fs/scratch/PWSU0516/siva/ebola_class_project/count_tsv/SRR38105672.counts.tsv
SRR38105671	SUCCESS	PAIRED	Completed successfully	/fs/scratch/PWSU0516/siva/ebola_class_project/count_tsv/SRR38105671.counts.tsv
SRR38105674	SUCCESS	PAIRED	Completed successfully	/fs/scratch/PWSU0516/siva/ebola_class_project/count_tsv/SRR38105674.counts.tsv
SRR38105673	SUCCESS	PAIRED	Completed successfully	/fs/scratch/PWSU0516/siva/ebola_class_project/count_tsv/SRR38105673.counts.tsv
SRR38105675	SUCCESS	PAIRED	Completed successfully	/fs/scratch/PWSU0516/siva/ebola_class_project/count_tsv/SRR38105675.counts.tsv
SRR38105677	SUCCESS	PAIRED	Completed successfully	/fs/scratch/PWSU0516/siva/ebola_class_project/count_tsv/SRR38105677.counts.tsv
SRR38105676	SUCCESS	PAIRED	Completed successfully	/fs/scratch/PWSU0516/siva/ebola_class_project/count_tsv/SRR38105676.counts.tsv
SRR38105678	SUCCESS	PAIRED	Completed successfully	/fs/scratch/PWSU0516/siva/ebola_class_project/count_tsv/SRR38105678.counts.tsv
SRR38105681	SUCCESS	PAIRED	Completed successfully	/fs/scratch/PWSU0516/siva/ebola_class_project/count_tsv/SRR38105681.counts.tsv
SRR38105682	SUCCESS	PAIRED	Completed successfully	/fs/scratch/PWSU0516/siva/ebola_class_project/count_tsv/SRR38105682.counts.tsv
SRR38105683	SUCCESS	PAIRED	Completed successfully	/fs/scratch/PWSU0516/siva/ebola_class_project/count_tsv/SRR38105683.counts.tsv
SRR38105679	SUCCESS	PAIRED	Completed successfully	/fs/scratch/PWSU0516/siva/ebola_class_project/count_tsv/SRR38105679.counts.tsv
SRR38105680	SUCCESS	PAIRED	Completed successfully	/fs/scratch/PWSU0516/siva/ebola_class_project/count_tsv/SRR38105680.counts.tsv
SRR38105687	SUCCESS	PAIRED	Completed successfully	/fs/scratch/PWSU0516/siva/ebola_class_project/count_tsv/SRR38105687.counts.tsv
SRR38105688	SUCCESS	PAIRED	Completed successfully	/fs/scratch/PWSU0516/siva/ebola_class_project/count_tsv/SRR38105688.counts.tsv
SRR38105686	SUCCESS	PAIRED	Completed successfully	/fs/scratch/PWSU0516/siva/ebola_class_project/count_tsv/SRR38105686.counts.tsv
SRR38105684	SUCCESS	PAIRED	Completed successfully	/fs/scratch/PWSU0516/siva/ebola_class_project/count_tsv/SRR38105684.counts.tsv
SRR38105685	SUCCESS	PAIRED	Completed successfully	/fs/scratch/PWSU0516/siva/ebola_class_project/count_tsv/SRR38105685.counts.tsv
SRR38105689	SUCCESS	PAIRED	Completed successfully	/fs/scratch/PWSU0516/siva/ebola_class_project/count_tsv/SRR38105689.counts.tsv
SRR38105690	SUCCESS	PAIRED	Completed successfully	/fs/scratch/PWSU0516/siva/ebola_class_project/count_tsv/SRR38105690.counts.tsv
SRR38105691	SUCCESS	PAIRED	Completed successfully	/fs/scratch/PWSU0516/siva/ebola_class_project/count_tsv/SRR38105691.counts.tsv
SRR38105695	SUCCESS	PAIRED	Completed successfully	/fs/scratch/PWSU0516/siva/ebola_class_project/count_tsv/SRR38105695.counts.tsv
SRR38105694	SUCCESS	PAIRED	Completed successfully	/fs/scratch/PWSU0516/siva/ebola_class_project/count_tsv/SRR38105694.counts.tsv
SRR38105696	SUCCESS	PAIRED	Completed successfully	/fs/scratch/PWSU0516/siva/ebola_class_project/count_tsv/SRR38105696.counts.tsv
SRR38105697	SUCCESS	PAIRED	Completed successfully	/fs/scratch/PWSU0516/siva/ebola_class_project/count_tsv/SRR38105697.counts.tsv
SRR38105698	SUCCESS	PAIRED	Completed successfully	/fs/scratch/PWSU0516/siva/ebola_class_project/count_tsv/SRR38105698.counts.tsv
SRR38105693	SUCCESS	PAIRED	Completed successfully	/fs/scratch/PWSU0516/siva/ebola_class_project/count_tsv/SRR38105693.counts.tsv
SRR38105699	SUCCESS	PAIRED	Completed successfully	/fs/scratch/PWSU0516/siva/ebola_class_project/count_tsv/SRR38105699.counts.tsv
SRR38105701	SUCCESS	PAIRED	Completed successfully	/fs/scratch/PWSU0516/siva/ebola_class_project/count_tsv/SRR38105701.counts.tsv
SRR38105700	SUCCESS	PAIRED	Completed successfully	/fs/scratch/PWSU0516/siva/ebola_class_project/count_tsv/SRR38105700.counts.tsv
SRR38105702	SUCCESS	PAIRED	Completed successfully	/fs/scratch/PWSU0516/siva/ebola_class_project/count_tsv/SRR38105702.counts.tsv
SRR38105704	SUCCESS	PAIRED	Completed successfully	/fs/scratch/PWSU0516/siva/ebola_class_project/count_tsv/SRR38105704.counts.tsv
SRR38105705	SUCCESS	PAIRED	Completed successfully	/fs/scratch/PWSU0516/siva/ebola_class_project/count_tsv/SRR38105705.counts.tsv
SRR38105706	SUCCESS	PAIRED	Completed successfully	/fs/scratch/PWSU0516/siva/ebola_class_project/count_tsv/SRR38105706.counts.tsv
SRR38105707	SUCCESS	PAIRED	Completed successfully	/fs/scratch/PWSU0516/siva/ebola_class_project/count_tsv/SRR38105707.counts.tsv
SRR38105692	SUCCESS	PAIRED	Completed successfully	/fs/scratch/PWSU0516/siva/ebola_class_project/count_tsv/SRR38105692.counts.tsv
SRR38105708	SUCCESS	PAIRED	Completed successfully	/fs/scratch/PWSU0516/siva/ebola_class_project/count_tsv/SRR38105708.counts.tsv
SRR38105710	SUCCESS	PAIRED	Completed successfully	/fs/scratch/PWSU0516/siva/ebola_class_project/count_tsv/SRR38105710.counts.tsv
SRR38105711	SUCCESS	PAIRED	Completed successfully	/fs/scratch/PWSU0516/siva/ebola_class_project/count_tsv/SRR38105711.counts.tsv
SRR38105712	SUCCESS	PAIRED	Completed successfully	/fs/scratch/PWSU0516/siva/ebola_class_project/count_tsv/SRR38105712.counts.tsv
SRR38105703	SUCCESS	PAIRED	Completed successfully	/fs/scratch/PWSU0516/siva/ebola_class_project/count_tsv/SRR38105703.counts.tsv
SRR38105714	SUCCESS	PAIRED	Completed successfully	/fs/scratch/PWSU0516/siva/ebola_class_project/count_tsv/SRR38105714.counts.tsv
SRR38105709	SUCCESS	PAIRED	Completed successfully	/fs/scratch/PWSU0516/siva/ebola_class_project/count_tsv/SRR38105709.counts.tsv
SRR38105713	SUCCESS	PAIRED	Completed successfully	/fs/scratch/PWSU0516/siva/ebola_class_project/count_tsv/SRR38105713.counts.tsv
SRR38105715	SUCCESS	PAIRED	Completed successfully	/fs/scratch/PWSU0516/siva/ebola_class_project/count_tsv/SRR38105715.counts.tsv
SRR38105716	SUCCESS	PAIRED	Completed successfully	/fs/scratch/PWSU0516/siva/ebola_class_project/count_tsv/SRR38105716.counts.tsv
SRR38105718	SUCCESS	PAIRED	Completed successfully	/fs/scratch/PWSU0516/siva/ebola_class_project/count_tsv/SRR38105718.counts.tsv
SRR38105720	SUCCESS	PAIRED	Completed successfully	/fs/scratch/PWSU0516/siva/ebola_class_project/count_tsv/SRR38105720.counts.tsv
SRR38105723	SUCCESS	PAIRED	Completed successfully	/fs/scratch/PWSU0516/siva/ebola_class_project/count_tsv/SRR38105723.counts.tsv
SRR38105719	SUCCESS	PAIRED	Completed successfully	/fs/scratch/PWSU0516/siva/ebola_class_project/count_tsv/SRR38105719.counts.tsv
SRR38105721	SUCCESS	PAIRED	Completed successfully	/fs/scratch/PWSU0516/siva/ebola_class_project/count_tsv/SRR38105721.counts.tsv
SRR38105726	SUCCESS	PAIRED	Completed successfully	/fs/scratch/PWSU0516/siva/ebola_class_project/count_tsv/SRR38105726.counts.tsv
SRR38105717	SUCCESS	PAIRED	Completed successfully	/fs/scratch/PWSU0516/siva/ebola_class_project/count_tsv/SRR38105717.counts.tsv
SRR38105729	SUCCESS	PAIRED	Completed successfully	/fs/scratch/PWSU0516/siva/ebola_class_project/count_tsv/SRR38105729.counts.tsv
SRR38105728	SUCCESS	PAIRED	Completed successfully	/fs/scratch/PWSU0516/siva/ebola_class_project/count_tsv/SRR38105728.counts.tsv
SRR38105730	SUCCESS	PAIRED	Completed successfully	/fs/scratch/PWSU0516/siva/ebola_class_project/count_tsv/SRR38105730.counts.tsv
SRR38105724	SUCCESS	PAIRED	Completed successfully	/fs/scratch/PWSU0516/siva/ebola_class_project/count_tsv/SRR38105724.counts.tsv
SRR38105732	SUCCESS	PAIRED	Completed successfully	/fs/scratch/PWSU0516/siva/ebola_class_project/count_tsv/SRR38105732.counts.tsv
SRR38105727	SUCCESS	PAIRED	Completed successfully	/fs/scratch/PWSU0516/siva/ebola_class_project/count_tsv/SRR38105727.counts.tsv
SRR38105725	SUCCESS	PAIRED	Completed successfully	/fs/scratch/PWSU0516/siva/ebola_class_project/count_tsv/SRR38105725.counts.tsv
SRR38105733	SUCCESS	PAIRED	Completed successfully	/fs/scratch/PWSU0516/siva/ebola_class_project/count_tsv/SRR38105733.counts.tsv
SRR38105736	SUCCESS	PAIRED	Completed successfully	/fs/scratch/PWSU0516/siva/ebola_class_project/count_tsv/SRR38105736.counts.tsv
SRR38105734	SUCCESS	PAIRED	Completed successfully	/fs/scratch/PWSU0516/siva/ebola_class_project/count_tsv/SRR38105734.counts.tsv
SRR38105731	SUCCESS	PAIRED	Completed successfully	/fs/scratch/PWSU0516/siva/ebola_class_project/count_tsv/SRR38105731.counts.tsv
SRR38105739	SUCCESS	PAIRED	Completed successfully	/fs/scratch/PWSU0516/siva/ebola_class_project/count_tsv/SRR38105739.counts.tsv
SRR38105735	SUCCESS	PAIRED	Completed successfully	/fs/scratch/PWSU0516/siva/ebola_class_project/count_tsv/SRR38105735.counts.tsv
SRR38105741	SUCCESS	PAIRED	Completed successfully	/fs/scratch/PWSU0516/siva/ebola_class_project/count_tsv/SRR38105741.counts.tsv
SRR38105740	SUCCESS	PAIRED	Completed successfully	/fs/scratch/PWSU0516/siva/ebola_class_project/count_tsv/SRR38105740.counts.tsv
SRR38105737	SUCCESS	PAIRED	Completed successfully	/fs/scratch/PWSU0516/siva/ebola_class_project/count_tsv/SRR38105737.counts.tsv
SRR38105744	SUCCESS	PAIRED	Completed successfully	/fs/scratch/PWSU0516/siva/ebola_class_project/count_tsv/SRR38105744.counts.tsv
SRR38105742	SUCCESS	PAIRED	Completed successfully	/fs/scratch/PWSU0516/siva/ebola_class_project/count_tsv/SRR38105742.counts.tsv
SRR38105743	SUCCESS	PAIRED	Completed successfully	/fs/scratch/PWSU0516/siva/ebola_class_project/count_tsv/SRR38105743.counts.tsv
SRR38105738	SUCCESS	PAIRED	Completed successfully	/fs/scratch/PWSU0516/siva/ebola_class_project/count_tsv/SRR38105738.counts.tsv
SRR38105745	SUCCESS	PAIRED	Completed successfully	/fs/scratch/PWSU0516/siva/ebola_class_project/count_tsv/SRR38105745.counts.tsv
SRR38105746	SUCCESS	PAIRED	Completed successfully	/fs/scratch/PWSU0516/siva/ebola_class_project/count_tsv/SRR38105746.counts.tsv
SRR38105748	SUCCESS	PAIRED	Completed successfully	/fs/scratch/PWSU0516/siva/ebola_class_project/count_tsv/SRR38105748.counts.tsv
SRR38105749	SUCCESS	PAIRED	Completed successfully	/fs/scratch/PWSU0516/siva/ebola_class_project/count_tsv/SRR38105749.counts.tsv
SRR38105753	SUCCESS	PAIRED	Completed successfully	/fs/scratch/PWSU0516/siva/ebola_class_project/count_tsv/SRR38105753.counts.tsv
SRR38105750	SUCCESS	PAIRED	Completed successfully	/fs/scratch/PWSU0516/siva/ebola_class_project/count_tsv/SRR38105750.counts.tsv
SRR38105752	SUCCESS	PAIRED	Completed successfully	/fs/scratch/PWSU0516/siva/ebola_class_project/count_tsv/SRR38105752.counts.tsv
SRR38105751	SUCCESS	PAIRED	Completed successfully	/fs/scratch/PWSU0516/siva/ebola_class_project/count_tsv/SRR38105751.counts.tsv
SRR38105754	SUCCESS	PAIRED	Completed successfully	/fs/scratch/PWSU0516/siva/ebola_class_project/count_tsv/SRR38105754.counts.tsv
SRR38105756	SUCCESS	PAIRED	Completed successfully	/fs/scratch/PWSU0516/siva/ebola_class_project/count_tsv/SRR38105756.counts.tsv
SRR38105755	SUCCESS	PAIRED	Completed successfully	/fs/scratch/PWSU0516/siva/ebola_class_project/count_tsv/SRR38105755.counts.tsv
SRR38105747	SUCCESS	PAIRED	Completed successfully	/fs/scratch/PWSU0516/siva/ebola_class_project/count_tsv/SRR38105747.counts.tsv
SRR38105761	SUCCESS	PAIRED	Completed successfully	/fs/scratch/PWSU0516/siva/ebola_class_project/count_tsv/SRR38105761.counts.tsv
SRR38105757	SUCCESS	PAIRED	Completed successfully	/fs/scratch/PWSU0516/siva/ebola_class_project/count_tsv/SRR38105757.counts.tsv
SRR38105760	SUCCESS	PAIRED	Completed successfully	/fs/scratch/PWSU0516/siva/ebola_class_project/count_tsv/SRR38105760.counts.tsv
SRR38105763	SUCCESS	PAIRED	Completed successfully	/fs/scratch/PWSU0516/siva/ebola_class_project/count_tsv/SRR38105763.counts.tsv
SRR38105758	SUCCESS	PAIRED	Completed successfully	/fs/scratch/PWSU0516/siva/ebola_class_project/count_tsv/SRR38105758.counts.tsv
SRR38105762	SUCCESS	PAIRED	Completed successfully	/fs/scratch/PWSU0516/siva/ebola_class_project/count_tsv/SRR38105762.counts.tsv
SRR38105765	SUCCESS	PAIRED	Completed successfully	/fs/scratch/PWSU0516/siva/ebola_class_project/count_tsv/SRR38105765.counts.tsv
SRR38105764	SUCCESS	PAIRED	Completed successfully	/fs/scratch/PWSU0516/siva/ebola_class_project/count_tsv/SRR38105764.counts.tsv
SRR38105766	SUCCESS	PAIRED	Completed successfully	/fs/scratch/PWSU0516/siva/ebola_class_project/count_tsv/SRR38105766.counts.tsv
SRR38105768	SUCCESS	PAIRED	Completed successfully	/fs/scratch/PWSU0516/siva/ebola_class_project/count_tsv/SRR38105768.counts.tsv
SRR38105769	SUCCESS	PAIRED	Completed successfully	/fs/scratch/PWSU0516/siva/ebola_class_project/count_tsv/SRR38105769.counts.tsv
SRR38105767	SUCCESS	PAIRED	Completed successfully	/fs/scratch/PWSU0516/siva/ebola_class_project/count_tsv/SRR38105767.counts.tsv
SRR38105771	SUCCESS	PAIRED	Completed successfully	/fs/scratch/PWSU0516/siva/ebola_class_project/count_tsv/SRR38105771.counts.tsv
SRR38105770	SUCCESS	PAIRED	Completed successfully	/fs/scratch/PWSU0516/siva/ebola_class_project/count_tsv/SRR38105770.counts.tsv
SRR38105774	SUCCESS	PAIRED	Completed successfully	/fs/scratch/PWSU0516/siva/ebola_class_project/count_tsv/SRR38105774.counts.tsv
SRR38105773	SUCCESS	PAIRED	Completed successfully	/fs/scratch/PWSU0516/siva/ebola_class_project/count_tsv/SRR38105773.counts.tsv
SRR38105775	SUCCESS	PAIRED	Completed successfully	/fs/scratch/PWSU0516/siva/ebola_class_project/count_tsv/SRR38105775.counts.tsv
SRR38105772	SUCCESS	PAIRED	Completed successfully	/fs/scratch/PWSU0516/siva/ebola_class_project/count_tsv/SRR38105772.counts.tsv
SRR38105759	SUCCESS	PAIRED	Completed successfully	/fs/scratch/PWSU0516/siva/ebola_class_project/count_tsv/SRR38105759.counts.tsv
SRR38105777	SUCCESS	PAIRED	Completed successfully	/fs/scratch/PWSU0516/siva/ebola_class_project/count_tsv/SRR38105777.counts.tsv
SRR38105776	SUCCESS	PAIRED	Completed successfully	/fs/scratch/PWSU0516/siva/ebola_class_project/count_tsv/SRR38105776.counts.tsv
SRR38105781	SUCCESS	PAIRED	Completed successfully	/fs/scratch/PWSU0516/siva/ebola_class_project/count_tsv/SRR38105781.counts.tsv
SRR38105782	SUCCESS	PAIRED	Completed successfully	/fs/scratch/PWSU0516/siva/ebola_class_project/count_tsv/SRR38105782.counts.tsv
SRR38105778	SUCCESS	PAIRED	Completed successfully	/fs/scratch/PWSU0516/siva/ebola_class_project/count_tsv/SRR38105778.counts.tsv
SRR38105783	SUCCESS	PAIRED	Completed successfully	/fs/scratch/PWSU0516/siva/ebola_class_project/count_tsv/SRR38105783.counts.tsv
SRR38105785	SUCCESS	PAIRED	Completed successfully	/fs/scratch/PWSU0516/siva/ebola_class_project/count_tsv/SRR38105785.counts.tsv
SRR38105779	SUCCESS	PAIRED	Completed successfully	/fs/scratch/PWSU0516/siva/ebola_class_project/count_tsv/SRR38105779.counts.tsv
SRR38105787	SUCCESS	PAIRED	Completed successfully	/fs/scratch/PWSU0516/siva/ebola_class_project/count_tsv/SRR38105787.counts.tsv
SRR38105784	SUCCESS	PAIRED	Completed successfully	/fs/scratch/PWSU0516/siva/ebola_class_project/count_tsv/SRR38105784.counts.tsv
SRR38105780	SUCCESS	PAIRED	Completed successfully	/fs/scratch/PWSU0516/siva/ebola_class_project/count_tsv/SRR38105780.counts.tsv
SRR38105786	SUCCESS	PAIRED	Completed successfully	/fs/scratch/PWSU0516/siva/ebola_class_project/count_tsv/SRR38105786.counts.tsv
SRR38105789	SUCCESS	PAIRED	Completed successfully	/fs/scratch/PWSU0516/siva/ebola_class_project/count_tsv/SRR38105789.counts.tsv
SRR38105788	SUCCESS	PAIRED	Completed successfully	/fs/scratch/PWSU0516/siva/ebola_class_project/count_tsv/SRR38105788.counts.tsv
SRR38105790	SUCCESS	PAIRED	Completed successfully	/fs/scratch/PWSU0516/siva/ebola_class_project/count_tsv/SRR38105790.counts.tsv
SRR38105791	SUCCESS	PAIRED	Completed successfully	/fs/scratch/PWSU0516/siva/ebola_class_project/count_tsv/SRR38105791.counts.tsv
SRR38105794	SUCCESS	PAIRED	Completed successfully	/fs/scratch/PWSU0516/siva/ebola_class_project/count_tsv/SRR38105794.counts.tsv
SRR38105793	SUCCESS	PAIRED	Completed successfully	/fs/scratch/PWSU0516/siva/ebola_class_project/count_tsv/SRR38105793.counts.tsv
SRR38105796	SUCCESS	PAIRED	Completed successfully	/fs/scratch/PWSU0516/siva/ebola_class_project/count_tsv/SRR38105796.counts.tsv
SRR38105797	SUCCESS	PAIRED	Completed successfully	/fs/scratch/PWSU0516/siva/ebola_class_project/count_tsv/SRR38105797.counts.tsv
SRR38105798	SUCCESS	PAIRED	Completed successfully	/fs/scratch/PWSU0516/siva/ebola_class_project/count_tsv/SRR38105798.counts.tsv
SRR38105799	SUCCESS	PAIRED	Completed successfully	/fs/scratch/PWSU0516/siva/ebola_class_project/count_tsv/SRR38105799.counts.tsv
SRR38105801	SUCCESS	PAIRED	Completed successfully	/fs/scratch/PWSU0516/siva/ebola_class_project/count_tsv/SRR38105801.counts.tsv
SRR38105795	SUCCESS	PAIRED	Completed successfully	/fs/scratch/PWSU0516/siva/ebola_class_project/count_tsv/SRR38105795.counts.tsv
SRR38105800	SUCCESS	PAIRED	Completed successfully	/fs/scratch/PWSU0516/siva/ebola_class_project/count_tsv/SRR38105800.counts.tsv
SRR38105805	SUCCESS	PAIRED	Completed successfully	/fs/scratch/PWSU0516/siva/ebola_class_project/count_tsv/SRR38105805.counts.tsv
SRR38105792	SUCCESS	PAIRED	Completed successfully	/fs/scratch/PWSU0516/siva/ebola_class_project/count_tsv/SRR38105792.counts.tsv
SRR38105802	SUCCESS	PAIRED	Completed successfully	/fs/scratch/PWSU0516/siva/ebola_class_project/count_tsv/SRR38105802.counts.tsv
SRR38105804	SUCCESS	PAIRED	Completed successfully	/fs/scratch/PWSU0516/siva/ebola_class_project/count_tsv/SRR38105804.counts.tsv
SRR38105806	SUCCESS	PAIRED	Completed successfully	/fs/scratch/PWSU0516/siva/ebola_class_project/count_tsv/SRR38105806.counts.tsv
SRR38105803	SUCCESS	PAIRED	Completed successfully	/fs/scratch/PWSU0516/siva/ebola_class_project/count_tsv/SRR38105803.counts.tsv
SRR38105807	SUCCESS	PAIRED	Completed successfully	/fs/scratch/PWSU0516/siva/ebola_class_project/count_tsv/SRR38105807.counts.tsv
SRR38105808	SUCCESS	PAIRED	Completed successfully	/fs/scratch/PWSU0516/siva/ebola_class_project/count_tsv/SRR38105808.counts.tsv
SRR38105812	SUCCESS	PAIRED	Completed successfully	/fs/scratch/PWSU0516/siva/ebola_class_project/count_tsv/SRR38105812.counts.tsv
SRR38105809	SUCCESS	PAIRED	Completed successfully	/fs/scratch/PWSU0516/siva/ebola_class_project/count_tsv/SRR38105809.counts.tsv
SRR38105810	SUCCESS	PAIRED	Completed successfully	/fs/scratch/PWSU0516/siva/ebola_class_project/count_tsv/SRR38105810.counts.tsv
SRR38105815	SUCCESS	PAIRED	Completed successfully	/fs/scratch/PWSU0516/siva/ebola_class_project/count_tsv/SRR38105815.counts.tsv
SRR38105813	SUCCESS	PAIRED	Completed successfully	/fs/scratch/PWSU0516/siva/ebola_class_project/count_tsv/SRR38105813.counts.tsv
SRR38105814	SUCCESS	PAIRED	Completed successfully	/fs/scratch/PWSU0516/siva/ebola_class_project/count_tsv/SRR38105814.counts.tsv
SRR38105818	SUCCESS	PAIRED	Completed successfully	/fs/scratch/PWSU0516/siva/ebola_class_project/count_tsv/SRR38105818.counts.tsv
SRR38105811	SUCCESS	PAIRED	Completed successfully	/fs/scratch/PWSU0516/siva/ebola_class_project/count_tsv/SRR38105811.counts.tsv
SRR38105819	SUCCESS	PAIRED	Completed successfully	/fs/scratch/PWSU0516/siva/ebola_class_project/count_tsv/SRR38105819.counts.tsv
SRR38105816	SUCCESS	PAIRED	Completed successfully	/fs/scratch/PWSU0516/siva/ebola_class_project/count_tsv/SRR38105816.counts.tsv
SRR38105820	SUCCESS	PAIRED	Completed successfully	/fs/scratch/PWSU0516/siva/ebola_class_project/count_tsv/SRR38105820.counts.tsv
SRR38105821	SUCCESS	PAIRED	Completed successfully	/fs/scratch/PWSU0516/siva/ebola_class_project/count_tsv/SRR38105821.counts.tsv
SRR38105822	SUCCESS	PAIRED	Completed successfully	/fs/scratch/PWSU0516/siva/ebola_class_project/count_tsv/SRR38105822.counts.tsv
SRR38105824	SUCCESS	PAIRED	Completed successfully	/fs/scratch/PWSU0516/siva/ebola_class_project/count_tsv/SRR38105824.counts.tsv
SRR38105823	SUCCESS	PAIRED	Completed successfully	/fs/scratch/PWSU0516/siva/ebola_class_project/count_tsv/SRR38105823.counts.tsv
SRR38105817	SUCCESS	PAIRED	Completed successfully	/fs/scratch/PWSU0516/siva/ebola_class_project/count_tsv/SRR38105817.counts.tsv
SRR38105825	SUCCESS	PAIRED	Completed successfully	/fs/scratch/PWSU0516/siva/ebola_class_project/count_tsv/SRR38105825.counts.tsv
SRR38105830	SUCCESS	PAIRED	Completed successfully	/fs/scratch/PWSU0516/siva/ebola_class_project/count_tsv/SRR38105830.counts.tsv
SRR38105827	SUCCESS	PAIRED	Completed successfully	/fs/scratch/PWSU0516/siva/ebola_class_project/count_tsv/SRR38105827.counts.tsv
SRR38105829	SUCCESS	PAIRED	Completed successfully	/fs/scratch/PWSU0516/siva/ebola_class_project/count_tsv/SRR38105829.counts.tsv
SRR38105828	SUCCESS	PAIRED	Completed successfully	/fs/scratch/PWSU0516/siva/ebola_class_project/count_tsv/SRR38105828.counts.tsv
SRR38105833	SUCCESS	PAIRED	Completed successfully	/fs/scratch/PWSU0516/siva/ebola_class_project/count_tsv/SRR38105833.counts.tsv
SRR38105832	SUCCESS	PAIRED	Completed successfully	/fs/scratch/PWSU0516/siva/ebola_class_project/count_tsv/SRR38105832.counts.tsv
SRR38105831	SUCCESS	PAIRED	Completed successfully	/fs/scratch/PWSU0516/siva/ebola_class_project/count_tsv/SRR38105831.counts.tsv
SRR38105834	SUCCESS	PAIRED	Completed successfully	/fs/scratch/PWSU0516/siva/ebola_class_project/count_tsv/SRR38105834.counts.tsv
SRR38105826	SUCCESS	PAIRED	Completed successfully	/fs/scratch/PWSU0516/siva/ebola_class_project/count_tsv/SRR38105826.counts.tsv
SRR38105835	SUCCESS	PAIRED	Completed successfully	/fs/scratch/PWSU0516/siva/ebola_class_project/count_tsv/SRR38105835.counts.tsv
SRR38105836	SUCCESS	PAIRED	Completed successfully	/fs/scratch/PWSU0516/siva/ebola_class_project/count_tsv/SRR38105836.counts.tsv
SRR38105839	SUCCESS	PAIRED	Completed successfully	/fs/scratch/PWSU0516/siva/ebola_class_project/count_tsv/SRR38105839.counts.tsv
SRR38105840	SUCCESS	PAIRED	Completed successfully	/fs/scratch/PWSU0516/siva/ebola_class_project/count_tsv/SRR38105840.counts.tsv
SRR38105841	SUCCESS	PAIRED	Completed successfully	/fs/scratch/PWSU0516/siva/ebola_class_project/count_tsv/SRR38105841.counts.tsv
SRR38105837	SUCCESS	PAIRED	Completed successfully	/fs/scratch/PWSU0516/siva/ebola_class_project/count_tsv/SRR38105837.counts.tsv
SRR38105838	SUCCESS	PAIRED	Completed successfully	/fs/scratch/PWSU0516/siva/ebola_class_project/count_tsv/SRR38105838.counts.tsv
SRR38105843	SUCCESS	PAIRED	Completed successfully	/fs/scratch/PWSU0516/siva/ebola_class_project/count_tsv/SRR38105843.counts.tsv
SRR38105842	SUCCESS	PAIRED	Completed successfully	/fs/scratch/PWSU0516/siva/ebola_class_project/count_tsv/SRR38105842.counts.tsv
SRR38105844	SUCCESS	PAIRED	Completed successfully	/fs/scratch/PWSU0516/siva/ebola_class_project/count_tsv/SRR38105844.counts.tsv
SRR38105845	SUCCESS	PAIRED	Completed successfully	/fs/scratch/PWSU0516/siva/ebola_class_project/count_tsv/SRR38105845.counts.tsv
SRR38105846	SUCCESS	PAIRED	Completed successfully	/fs/scratch/PWSU0516/siva/ebola_class_project/count_tsv/SRR38105846.counts.tsv
SRR38105849	SUCCESS	PAIRED	Completed successfully	/fs/scratch/PWSU0516/siva/ebola_class_project/count_tsv/SRR38105849.counts.tsv
SRR38105848	SUCCESS	PAIRED	Completed successfully	/fs/scratch/PWSU0516/siva/ebola_class_project/count_tsv/SRR38105848.counts.tsv
SRR38105847	SUCCESS	PAIRED	Completed successfully	/fs/scratch/PWSU0516/siva/ebola_class_project/count_tsv/SRR38105847.counts.tsv
SRR38105850	SUCCESS	PAIRED	Completed successfully	/fs/scratch/PWSU0516/siva/ebola_class_project/count_tsv/SRR38105850.counts.tsv
SRR38105853	SUCCESS	PAIRED	Completed successfully	/fs/scratch/PWSU0516/siva/ebola_class_project/count_tsv/SRR38105853.counts.tsv
SRR38105854	SUCCESS	PAIRED	Completed successfully	/fs/scratch/PWSU0516/siva/ebola_class_project/count_tsv/SRR38105854.counts.tsv
SRR38105851	SUCCESS	PAIRED	Completed successfully	/fs/scratch/PWSU0516/siva/ebola_class_project/count_tsv/SRR38105851.counts.tsv
SRR38105852	SUCCESS	PAIRED	Completed successfully	/fs/scratch/PWSU0516/siva/ebola_class_project/count_tsv/SRR38105852.counts.tsv
SRR38105855	SUCCESS	PAIRED	Completed successfully	/fs/scratch/PWSU0516/siva/ebola_class_project/count_tsv/SRR38105855.counts.tsv
SRR38105857	SUCCESS	PAIRED	Completed successfully	/fs/scratch/PWSU0516/siva/ebola_class_project/count_tsv/SRR38105857.counts.tsv
SRR38105860	SUCCESS	PAIRED	Completed successfully	/fs/scratch/PWSU0516/siva/ebola_class_project/count_tsv/SRR38105860.counts.tsv
SRR38105859	SUCCESS	PAIRED	Completed successfully	/fs/scratch/PWSU0516/siva/ebola_class_project/count_tsv/SRR38105859.counts.tsv
SRR38105858	SUCCESS	PAIRED	Completed successfully	/fs/scratch/PWSU0516/siva/ebola_class_project/count_tsv/SRR38105858.counts.tsv
SRR38105856	SUCCESS	PAIRED	Completed successfully	/fs/scratch/PWSU0516/siva/ebola_class_project/count_tsv/SRR38105856.counts.tsv
SRR38105861	SUCCESS	PAIRED	Completed successfully	/fs/scratch/PWSU0516/siva/ebola_class_project/count_tsv/SRR38105861.counts.tsv
SRR38105862	SUCCESS	PAIRED	Completed successfully	/fs/scratch/PWSU0516/siva/ebola_class_project/count_tsv/SRR38105862.counts.tsv
SRR38105864	SUCCESS	PAIRED	Completed successfully	/fs/scratch/PWSU0516/siva/ebola_class_project/count_tsv/SRR38105864.counts.tsv
SRR38105863	SUCCESS	PAIRED	Completed successfully	/fs/scratch/PWSU0516/siva/ebola_class_project/count_tsv/SRR38105863.counts.tsv
SRR38105868	SUCCESS	PAIRED	Completed successfully	/fs/scratch/PWSU0516/siva/ebola_class_project/count_tsv/SRR38105868.counts.tsv
SRR38105867	SUCCESS	PAIRED	Completed successfully	/fs/scratch/PWSU0516/siva/ebola_class_project/count_tsv/SRR38105867.counts.tsv
SRR38105865	SUCCESS	PAIRED	Completed successfully	/fs/scratch/PWSU0516/siva/ebola_class_project/count_tsv/SRR38105865.counts.tsv
SRR38105866	SUCCESS	PAIRED	Completed successfully	/fs/scratch/PWSU0516/siva/ebola_class_project/count_tsv/SRR38105866.counts.tsv
SRR38105870	SUCCESS	PAIRED	Completed successfully	/fs/scratch/PWSU0516/siva/ebola_class_project/count_tsv/SRR38105870.counts.tsv
SRR38105869	SUCCESS	PAIRED	Completed successfully	/fs/scratch/PWSU0516/siva/ebola_class_project/count_tsv/SRR38105869.counts.tsv
SRR38105871	SUCCESS	PAIRED	Completed successfully	/fs/scratch/PWSU0516/siva/ebola_class_project/count_tsv/SRR38105871.counts.tsv
SRR38105873	SUCCESS	PAIRED	Completed successfully	/fs/scratch/PWSU0516/siva/ebola_class_project/count_tsv/SRR38105873.counts.tsv
SRR38105872	SUCCESS	PAIRED	Completed successfully	/fs/scratch/PWSU0516/siva/ebola_class_project/count_tsv/SRR38105872.counts.tsv
SRR38105874	SUCCESS	PAIRED	Completed successfully	/fs/scratch/PWSU0516/siva/ebola_class_project/count_tsv/SRR38105874.counts.tsv
SRR38105878	SUCCESS	PAIRED	Completed successfully	/fs/scratch/PWSU0516/siva/ebola_class_project/count_tsv/SRR38105878.counts.tsv
SRR38105876	SUCCESS	PAIRED	Completed successfully	/fs/scratch/PWSU0516/siva/ebola_class_project/count_tsv/SRR38105876.counts.tsv
SRR38105875	SUCCESS	PAIRED	Completed successfully	/fs/scratch/PWSU0516/siva/ebola_class_project/count_tsv/SRR38105875.counts.tsv
SRR38105877	SUCCESS	PAIRED	Completed successfully	/fs/scratch/PWSU0516/siva/ebola_class_project/count_tsv/SRR38105877.counts.tsv
SRR38105879	SUCCESS	PAIRED	Completed successfully	/fs/scratch/PWSU0516/siva/ebola_class_project/count_tsv/SRR38105879.counts.tsv
SRR38105880	SUCCESS	PAIRED	Completed successfully	/fs/scratch/PWSU0516/siva/ebola_class_project/count_tsv/SRR38105880.counts.tsv
SRR38105882	SUCCESS	PAIRED	Completed successfully	/fs/scratch/PWSU0516/siva/ebola_class_project/count_tsv/SRR38105882.counts.tsv
SRR38105881	SUCCESS	PAIRED	Completed successfully	/fs/scratch/PWSU0516/siva/ebola_class_project/count_tsv/SRR38105881.counts.tsv
SRR38105883	SUCCESS	PAIRED	Completed successfully	/fs/scratch/PWSU0516/siva/ebola_class_project/count_tsv/SRR38105883.counts.tsv
SRR38105884	SUCCESS	PAIRED	Completed successfully	/fs/scratch/PWSU0516/siva/ebola_class_project/count_tsv/SRR38105884.counts.tsv
SRR38105887	SUCCESS	PAIRED	Completed successfully	/fs/scratch/PWSU0516/siva/ebola_class_project/count_tsv/SRR38105887.counts.tsv
SRR38105885	SUCCESS	PAIRED	Completed successfully	/fs/scratch/PWSU0516/siva/ebola_class_project/count_tsv/SRR38105885.counts.tsv
SRR38105889	SUCCESS	PAIRED	Completed successfully	/fs/scratch/PWSU0516/siva/ebola_class_project/count_tsv/SRR38105889.counts.tsv
SRR38105891	SUCCESS	PAIRED	Completed successfully	/fs/scratch/PWSU0516/siva/ebola_class_project/count_tsv/SRR38105891.counts.tsv
SRR38105892	SUCCESS	PAIRED	Completed successfully	/fs/scratch/PWSU0516/siva/ebola_class_project/count_tsv/SRR38105892.counts.tsv
SRR38105890	SUCCESS	PAIRED	Completed successfully	/fs/scratch/PWSU0516/siva/ebola_class_project/count_tsv/SRR38105890.counts.tsv
SRR38105893	SUCCESS	PAIRED	Completed successfully	/fs/scratch/PWSU0516/siva/ebola_class_project/count_tsv/SRR38105893.counts.tsv
SRR38105886	SUCCESS	PAIRED	Completed successfully	/fs/scratch/PWSU0516/siva/ebola_class_project/count_tsv/SRR38105886.counts.tsv
SRR38105888	SUCCESS	PAIRED	Completed successfully	/fs/scratch/PWSU0516/siva/ebola_class_project/count_tsv/SRR38105888.counts.tsv
SRR38105894	SUCCESS	PAIRED	Completed successfully	/fs/scratch/PWSU0516/siva/ebola_class_project/count_tsv/SRR38105894.counts.tsv
SRR38105897	SUCCESS	PAIRED	Completed successfully	/fs/scratch/PWSU0516/siva/ebola_class_project/count_tsv/SRR38105897.counts.tsv
SRR38105896	SUCCESS	PAIRED	Completed successfully	/fs/scratch/PWSU0516/siva/ebola_class_project/count_tsv/SRR38105896.counts.tsv
SRR38105835	SUCCESS	PAIRED	Completed (2 lanes merged)	/fs/scratch/PWSU0516/siva/ebola_class_project/count_tsv/SRR38105835.counts.tsv
SRR38105839	SUCCESS	PAIRED	Completed (2 lanes merged)	/fs/scratch/PWSU0516/siva/ebola_class_project/count_tsv/SRR38105839.counts.tsv
SRR38105824	SUCCESS	PAIRED	Completed (2 lanes merged)	/fs/scratch/PWSU0516/siva/ebola_class_project/count_tsv/SRR38105824.counts.tsv
SRR38105701	SUCCESS	PAIRED	Completed (4 lanes merged)	/fs/scratch/PWSU0516/siva/ebola_class_project/count_tsv/SRR38105701.counts.tsv
SRR38105715	SUCCESS	PAIRED	Completed (4 lanes merged)	/fs/scratch/PWSU0516/siva/ebola_class_project/count_tsv/SRR38105715.counts.tsv
SRR38105642	SUCCESS	PAIRED	Completed (4 lanes merged)	/fs/scratch/PWSU0516/siva/ebola_class_project/count_tsv/SRR38105642.counts.tsv
SRR38105646	SUCCESS	PAIRED	Completed (4 lanes merged)	/fs/scratch/PWSU0516/siva/ebola_class_project/count_tsv/SRR38105646.counts.tsv
SRR38105710	SUCCESS	PAIRED	Completed (4 lanes merged)	/fs/scratch/PWSU0516/siva/ebola_class_project/count_tsv/SRR38105710.counts.tsv
SRR38105633	SUCCESS	PAIRED	Completed (4 lanes merged)	/fs/scratch/PWSU0516/siva/ebola_class_project/count_tsv/SRR38105633.counts.tsv
SRR38105637	SUCCESS	PAIRED	Completed (4 lanes merged)	/fs/scratch/PWSU0516/siva/ebola_class_project/count_tsv/SRR38105637.counts.tsv
SRR38105841	SUCCESS	PAIRED	Completed (4 lanes merged)	/fs/scratch/PWSU0516/siva/ebola_class_project/count_tsv/SRR38105841.counts.tsv
SRR38105697	SUCCESS	PAIRED	Completed (4 lanes merged)	/fs/scratch/PWSU0516/siva/ebola_class_project/count_tsv/SRR38105697.counts.tsv
SRR38105894	SUCCESS	PAIRED	Completed (4 lanes merged)	/fs/scratch/PWSU0516/siva/ebola_class_project/count_tsv/SRR38105894.counts.tsv
SRR38105651	SUCCESS	PAIRED	Completed (4 lanes merged)	/fs/scratch/PWSU0516/siva/ebola_class_project/count_tsv/SRR38105651.counts.tsv
SRR38105706	SUCCESS	PAIRED	Completed (4 lanes merged)	/fs/scratch/PWSU0516/siva/ebola_class_project/count_tsv/SRR38105706.counts.tsv
SRR38105831	SUCCESS	PAIRED	Completed (4 lanes merged)	/fs/scratch/PWSU0516/siva/ebola_class_project/count_tsv/SRR38105831.counts.tsv
SRR38105820	SUCCESS	PAIRED	Completed (4 lanes merged)	/fs/scratch/PWSU0516/siva/ebola_class_project/count_tsv/SRR38105820.counts.tsv
SRR38105827	SUCCESS	PAIRED	Completed (4 lanes merged)	/fs/scratch/PWSU0516/siva/ebola_class_project/count_tsv/SRR38105827.counts.tsv
